study_id,panel,source_file,source_sha256,point_index,ps_x,ps_y,intensity_arb_units,marker_width_ps,marker_height_ps,source_url,doi,extraction_method
MIR_2007_FIG4_ERASER_PHASE_CONTROL,plus_45,Figure4a.ps,7cb540fbddd8e0db232c34237622064f0f7a35bb80b0267548c2d69b2cf54c33,0,435.84,254.7,5.675597509260134,6.0,6.0,https://arxiv.org/abs/0706.3966,https://doi.org/10.1088/1367-2630/9/8/287,postscript_diamond_marker_digitization_v1
MIR_2007_FIG4_ERASER_PHASE_CONTROL,plus_45,Figure4a.ps,7cb540fbddd8e0db232c34237622064f0f7a35bb80b0267548c2d69b2cf54c33,1,441.84,257.88,4.630239421847291,6.0,6.0,https://arxiv.org/abs/0706.3966,https://doi.org/10.1088/1367-2630/9/8/287,postscript_diamond_marker_digitization_v1
MIR_2007_FIG4_ERASER_PHASE_CONTROL,plus_45,Figure4a.ps,7cb540fbddd8e0db232c34237622064f0f7a35bb80b0267548c2d69b2cf54c33,2,440.88,261.0,4.797496715833343,6.0,6.0,https://arxiv.org/abs/0706.3966,https://doi.org/10.1088/1367-2630/9/8/287,postscript_diamond_marker_digitization_v1
MIR_2007_FIG4_ERASER_PHASE_CONTROL,plus_45,Figure4a.ps,7cb540fbddd8e0db232c34237622064f0f7a35bb80b0267548c2d69b2cf54c33,3,444.84,264.18,4.107560378140869,6.0,6.0,https://arxiv.org/abs/0706.3966,https://doi.org/10.1088/1367-2630/9/8/287,postscript_diamond_marker_digitization_v1
MIR_2007_FIG4_ERASER_PHASE_CONTROL,plus_45,Figure4a.ps,7cb540fbddd8e0db232c34237622064f0f7a35bb80b0267548c2d69b2cf54c33,4,441.84,267.24,4.630239421847291,6.0,6.0,https://arxiv.org/abs/0706.3966,https://doi.org/10.1088/1367-2630/9/8/287,postscript_diamond_marker_digitization_v1
MIR_2007_FIG4_ERASER_PHASE_CONTROL,plus_45,Figure4a.ps,7cb540fbddd8e0db232c34237622064f0f7a35bb80b0267548c2d69b2cf54c33,5,442.5,270.42,4.515250032231874,6.0,6.0,https://arxiv.org/abs/0706.3966,https://doi.org/10.1088/1367-2630/9/8/287,postscript_diamond_marker_digitization_v1
MIR_2007_FIG4_ERASER_PHASE_CONTROL,plus_45,Figure4a.ps,7cb540fbddd8e0db232c34237622064f0f7a35bb80b0267548c2d69b2cf54c33,6,431.94,273.54,6.3550802660784775,6.0,6.0,https://arxiv.org/abs/0706.3966,https://doi.org/10.1088/1367-2630/9/8/287,postscript_diamond_marker_digitization_v1
MIR_2007_FIG4_ERASER_PHASE_CONTROL,plus_45,Figure4a.ps,7cb540fbddd8e0db232c34237622064f0f7a35bb80b0267548c2d69b2cf54c33,7,428.1,276.72,7.024109442022694,6.0,6.0,https://arxiv.org/abs/0706.3966,https://doi.org/10.1088/1367-2630/9/8/287,postscript_diamond_marker_digitization_v1
MIR_2007_FIG4_ERASER_PHASE_CONTROL,plus_45,Figure4a.ps,7cb540fbddd8e0db232c34237622064f0f7a35bb80b0267548c2d69b2cf54c33,8,409.92,279.78,10.19154444688361,6.0,6.0,https://arxiv.org/abs/0706.3966,https://doi.org/10.1088/1367-2630/9/8/287,postscript_diamond_marker_digitization_v1
MIR_2007_FIG4_ERASER_PHASE_CONTROL,plus_45,Figure4a.ps,7cb540fbddd8e0db232c34237622064f0f7a35bb80b0267548c2d69b2cf54c33,9,395.88,282.96,12.637682371429667,6.0,6.0,https://arxiv.org/abs/0706.3966,https://doi.org/10.1088/1367-2630/9/8/287,postscript_diamond_marker_digitization_v1
MIR_2007_FIG4_ERASER_PHASE_CONTROL,plus_45,Figure4a.ps,7cb540fbddd8e0db232c34237622064f0f7a35bb80b0267548c2d69b2cf54c33,10,383.76,286.08,14.74930570800361,6.0,6.0,https://arxiv.org/abs/0706.3966,https://doi.org/10.1088/1367-2630/9/8/287,postscript_diamond_marker_digitization_v1
MIR_2007_FIG4_ERASER_PHASE_CONTROL,plus_45,Figure4a.ps,7cb540fbddd8e0db232c34237622064f0f7a35bb80b0267548c2d69b2cf54c33,11,368.28,289.14,17.44632957352875,6.0,6.0,https://arxiv.org/abs/0706.3966,https://doi.org/10.1088/1367-2630/9/8/287,postscript_diamond_marker_digitization_v1
MIR_2007_FIG4_ERASER_PHASE_CONTROL,plus_45,Figure4a.ps,7cb540fbddd8e0db232c34237622064f0f7a35bb80b0267548c2d69b2cf54c33,12,358.56,292.32,19.13980967513755,6.0,6.0,https://arxiv.org/abs/0706.3966,https://doi.org/10.1088/1367-2630/9/8/287,postscript_diamond_marker_digitization_v1
MIR_2007_FIG4_ERASER_PHASE_CONTROL,plus_45,Figure4a.ps,7cb540fbddd8e0db232c34237622064f0f7a35bb80b0267548c2d69b2cf54c33,13,337.86,295.44,22.74629507671186,6.0,6.0,https://arxiv.org/abs/0706.3966,https://doi.org/10.1088/1367-2630/9/8/287,postscript_diamond_marker_digitization_v1
MIR_2007_FIG4_ERASER_PHASE_CONTROL,plus_45,Figure4a.ps,7cb540fbddd8e0db232c34237622064f0f7a35bb80b0267548c2d69b2cf54c33,14,329.76,298.62,24.157528494719198,6.0,6.0,https://arxiv.org/abs/0706.3966,https://doi.org/10.1088/1367-2630/9/8/287,postscript_diamond_marker_digitization_v1
MIR_2007_FIG4_ERASER_PHASE_CONTROL,plus_45,Figure4a.ps,7cb540fbddd8e0db232c34237622064f0f7a35bb80b0267548c2d69b2cf54c33,15,317.94,301.68,26.216883926922502,6.0,6.0,https://arxiv.org/abs/0706.3966,https://doi.org/10.1088/1367-2630/9/8/287,postscript_diamond_marker_digitization_v1
MIR_2007_FIG4_ERASER_PHASE_CONTROL,plus_45,Figure4a.ps,7cb540fbddd8e0db232c34237622064f0f7a35bb80b0267548c2d69b2cf54c33,16,310.2,304.86,27.565395859685072,6.0,6.0,https://arxiv.org/abs/0706.3966,https://doi.org/10.1088/1367-2630/9/8/287,postscript_diamond_marker_digitization_v1
MIR_2007_FIG4_ERASER_PHASE_CONTROL,plus_45,Figure4a.ps,7cb540fbddd8e0db232c34237622064f0f7a35bb80b0267548c2d69b2cf54c33,17,300.96,307.98,29.17524731430085,6.0,6.0,https://arxiv.org/abs/0706.3966,https://doi.org/10.1088/1367-2630/9/8/287,postscript_diamond_marker_digitization_v1
MIR_2007_FIG4_ERASER_PHASE_CONTROL,plus_45,Figure4a.ps,7cb540fbddd8e0db232c34237622064f0f7a35bb80b0267548c2d69b2cf54c33,18,302.22,311.16,28.955722115944145,6.0,6.0,https://arxiv.org/abs/0706.3966,https://doi.org/10.1088/1367-2630/9/8/287,postscript_diamond_marker_digitization_v1
MIR_2007_FIG4_ERASER_PHASE_CONTROL,plus_45,Figure4a.ps,7cb540fbddd8e0db232c34237622064f0f7a35bb80b0267548c2d69b2cf54c33,19,294.42,314.22,30.314687629580845,6.0,6.0,https://arxiv.org/abs/0706.3966,https://doi.org/10.1088/1367-2630/9/8/287,postscript_diamond_marker_digitization_v1
MIR_2007_FIG4_ERASER_PHASE_CONTROL,plus_45,Figure4a.ps,7cb540fbddd8e0db232c34237622064f0f7a35bb80b0267548c2d69b2cf54c33,20,301.02,317.4,29.16479373342672,6.0,6.0,https://arxiv.org/abs/0706.3966,https://doi.org/10.1088/1367-2630/9/8/287,postscript_diamond_marker_digitization_v1
MIR_2007_FIG4_ERASER_PHASE_CONTROL,plus_45,Figure4a.ps,7cb540fbddd8e0db232c34237622064f0f7a35bb80b0267548c2d69b2cf54c33,21,302.94,320.52,28.830279145454607,6.0,6.0,https://arxiv.org/abs/0706.3966,https://doi.org/10.1088/1367-2630/9/8/287,postscript_diamond_marker_digitization_v1
MIR_2007_FIG4_ERASER_PHASE_CONTROL,plus_45,Figure4a.ps,7cb540fbddd8e0db232c34237622064f0f7a35bb80b0267548c2d69b2cf54c33,22,305.1,323.7,28.45395023398598,6.0,6.0,https://arxiv.org/abs/0706.3966,https://doi.org/10.1088/1367-2630/9/8/287,postscript_diamond_marker_digitization_v1
MIR_2007_FIG4_ERASER_PHASE_CONTROL,plus_45,Figure4a.ps,7cb540fbddd8e0db232c34237622064f0f7a35bb80b0267548c2d69b2cf54c33,23,312.42,326.76,27.178613367342315,6.0,6.0,https://arxiv.org/abs/0706.3966,https://doi.org/10.1088/1367-2630/9/8/287,postscript_diamond_marker_digitization_v1
MIR_2007_FIG4_ERASER_PHASE_CONTROL,plus_45,Figure4a.ps,7cb540fbddd8e0db232c34237622064f0f7a35bb80b0267548c2d69b2cf54c33,24,310.86,330.0,27.450406470069655,6.0,6.0,https://arxiv.org/abs/0706.3966,https://doi.org/10.1088/1367-2630/9/8/287,postscript_diamond_marker_digitization_v1
MIR_2007_FIG4_ERASER_PHASE_CONTROL,plus_45,Figure4a.ps,7cb540fbddd8e0db232c34237622064f0f7a35bb80b0267548c2d69b2cf54c33,25,312.96,333.06,27.084531139475164,6.0,6.0,https://arxiv.org/abs/0706.3966,https://doi.org/10.1088/1367-2630/9/8/287,postscript_diamond_marker_digitization_v1
MIR_2007_FIG4_ERASER_PHASE_CONTROL,plus_45,Figure4a.ps,7cb540fbddd8e0db232c34237622064f0f7a35bb80b0267548c2d69b2cf54c33,26,325.32,336.24,24.931093479404705,6.0,6.0,https://arxiv.org/abs/0706.3966,https://doi.org/10.1088/1367-2630/9/8/287,postscript_diamond_marker_digitization_v1
MIR_2007_FIG4_ERASER_PHASE_CONTROL,plus_45,Figure4a.ps,7cb540fbddd8e0db232c34237622064f0f7a35bb80b0267548c2d69b2cf54c33,27,347.1,339.42,21.136443622096078,6.0,6.0,https://arxiv.org/abs/0706.3966,https://doi.org/10.1088/1367-2630/9/8/287,postscript_diamond_marker_digitization_v1
MIR_2007_FIG4_ERASER_PHASE_CONTROL,plus_45,Figure4a.ps,7cb540fbddd8e0db232c34237622064f0f7a35bb80b0267548c2d69b2cf54c33,28,364.32,342.54,18.136265911221223,6.0,6.0,https://arxiv.org/abs/0706.3966,https://doi.org/10.1088/1367-2630/9/8/287,postscript_diamond_marker_digitization_v1
MIR_2007_FIG4_ERASER_PHASE_CONTROL,plus_45,Figure4a.ps,7cb540fbddd8e0db232c34237622064f0f7a35bb80b0267548c2d69b2cf54c33,29,379.92,345.72,15.418334883947827,6.0,6.0,https://arxiv.org/abs/0706.3966,https://doi.org/10.1088/1367-2630/9/8/287,postscript_diamond_marker_digitization_v1
MIR_2007_FIG4_ERASER_PHASE_CONTROL,plus_45,Figure4a.ps,7cb540fbddd8e0db232c34237622064f0f7a35bb80b0267548c2d69b2cf54c33,30,409.02,348.72,10.348348159995542,6.0,6.0,https://arxiv.org/abs/0706.3966,https://doi.org/10.1088/1367-2630/9/8/287,postscript_diamond_marker_digitization_v1
MIR_2007_FIG4_ERASER_PHASE_CONTROL,plus_45,Figure4a.ps,7cb540fbddd8e0db232c34237622064f0f7a35bb80b0267548c2d69b2cf54c33,31,431.76,351.9,6.3864410087008645,6.0,6.0,https://arxiv.org/abs/0706.3966,https://doi.org/10.1088/1367-2630/9/8/287,postscript_diamond_marker_digitization_v1
MIR_2007_FIG4_ERASER_PHASE_CONTROL,plus_45,Figure4a.ps,7cb540fbddd8e0db232c34237622064f0f7a35bb80b0267548c2d69b2cf54c33,32,439.68,354.96,5.006568333315909,6.0,6.0,https://arxiv.org/abs/0706.3966,https://doi.org/10.1088/1367-2630/9/8/287,postscript_diamond_marker_digitization_v1
MIR_2007_FIG4_ERASER_PHASE_CONTROL,plus_45,Figure4a.ps,7cb540fbddd8e0db232c34237622064f0f7a35bb80b0267548c2d69b2cf54c33,33,452.58,358.14,2.7590484453783,6.0,6.0,https://arxiv.org/abs/0706.3966,https://doi.org/10.1088/1367-2630/9/8/287,postscript_diamond_marker_digitization_v1
MIR_2007_FIG4_ERASER_PHASE_CONTROL,plus_45,Figure4a.ps,7cb540fbddd8e0db232c34237622064f0f7a35bb80b0267548c2d69b2cf54c33,34,441.24,361.26,4.7347752305885695,6.0,6.0,https://arxiv.org/abs/0706.3966,https://doi.org/10.1088/1367-2630/9/8/287,postscript_diamond_marker_digitization_v1
MIR_2007_FIG4_ERASER_PHASE_CONTROL,plus_45,Figure4a.ps,7cb540fbddd8e0db232c34237622064f0f7a35bb80b0267548c2d69b2cf54c33,35,414.84,364.44,9.334350815205084,6.0,6.0,https://arxiv.org/abs/0706.3966,https://doi.org/10.1088/1367-2630/9/8/287,postscript_diamond_marker_digitization_v1
MIR_2007_FIG4_ERASER_PHASE_CONTROL,plus_45,Figure4a.ps,7cb540fbddd8e0db232c34237622064f0f7a35bb80b0267548c2d69b2cf54c33,36,376.92,367.62,15.941013927654248,6.0,6.0,https://arxiv.org/abs/0706.3966,https://doi.org/10.1088/1367-2630/9/8/287,postscript_diamond_marker_digitization_v1
MIR_2007_FIG4_ERASER_PHASE_CONTROL,plus_45,Figure4a.ps,7cb540fbddd8e0db232c34237622064f0f7a35bb80b0267548c2d69b2cf54c33,37,359.88,370.68,18.909830895906726,6.0,6.0,https://arxiv.org/abs/0706.3966,https://doi.org/10.1088/1367-2630/9/8/287,postscript_diamond_marker_digitization_v1
MIR_2007_FIG4_ERASER_PHASE_CONTROL,plus_45,Figure4a.ps,7cb540fbddd8e0db232c34237622064f0f7a35bb80b0267548c2d69b2cf54c33,38,332.04,373.86,23.760292421502314,6.0,6.0,https://arxiv.org/abs/0706.3966,https://doi.org/10.1088/1367-2630/9/8/287,postscript_diamond_marker_digitization_v1
MIR_2007_FIG4_ERASER_PHASE_CONTROL,plus_45,Figure4a.ps,7cb540fbddd8e0db232c34237622064f0f7a35bb80b0267548c2d69b2cf54c33,39,319.68,376.98,25.913730081572773,6.0,6.0,https://arxiv.org/abs/0706.3966,https://doi.org/10.1088/1367-2630/9/8/287,postscript_diamond_marker_digitization_v1
MIR_2007_FIG4_ERASER_PHASE_CONTROL,plus_45,Figure4a.ps,7cb540fbddd8e0db232c34237622064f0f7a35bb80b0267548c2d69b2cf54c33,40,300.42,380.16,29.269329542168,6.0,6.0,https://arxiv.org/abs/0706.3966,https://doi.org/10.1088/1367-2630/9/8/287,postscript_diamond_marker_digitization_v1
MIR_2007_FIG4_ERASER_PHASE_CONTROL,plus_45,Figure4a.ps,7cb540fbddd8e0db232c34237622064f0f7a35bb80b0267548c2d69b2cf54c33,41,282.12,383.22,32.45767170877718,6.0,6.0,https://arxiv.org/abs/0706.3966,https://doi.org/10.1088/1367-2630/9/8/287,postscript_diamond_marker_digitization_v1
MIR_2007_FIG4_ERASER_PHASE_CONTROL,plus_45,Figure4a.ps,7cb540fbddd8e0db232c34237622064f0f7a35bb80b0267548c2d69b2cf54c33,42,266.1,386.4,35.248777802169464,6.0,6.0,https://arxiv.org/abs/0706.3966,https://doi.org/10.1088/1367-2630/9/8/287,postscript_diamond_marker_digitization_v1
MIR_2007_FIG4_ERASER_PHASE_CONTROL,plus_45,Figure4a.ps,7cb540fbddd8e0db232c34237622064f0f7a35bb80b0267548c2d69b2cf54c33,43,249.48,389.52,38.14441970430305,6.0,6.0,https://arxiv.org/abs/0706.3966,https://doi.org/10.1088/1367-2630/9/8/287,postscript_diamond_marker_digitization_v1
MIR_2007_FIG4_ERASER_PHASE_CONTROL,plus_45,Figure4a.ps,7cb540fbddd8e0db232c34237622064f0f7a35bb80b0267548c2d69b2cf54c33,44,237.12,392.7,40.2978573643735,6.0,6.0,https://arxiv.org/abs/0706.3966,https://doi.org/10.1088/1367-2630/9/8/287,postscript_diamond_marker_digitization_v1
MIR_2007_FIG4_ERASER_PHASE_CONTROL,plus_45,Figure4a.ps,7cb540fbddd8e0db232c34237622064f0f7a35bb80b0267548c2d69b2cf54c33,45,235.92,395.76,40.50692898185607,6.0,6.0,https://arxiv.org/abs/0706.3966,https://doi.org/10.1088/1367-2630/9/8/287,postscript_diamond_marker_digitization_v1
MIR_2007_FIG4_ERASER_PHASE_CONTROL,plus_45,Figure4a.ps,7cb540fbddd8e0db232c34237622064f0f7a35bb80b0267548c2d69b2cf54c33,46,208.56,399.0,45.273761860458634,6.0,6.0,https://arxiv.org/abs/0706.3966,https://doi.org/10.1088/1367-2630/9/8/287,postscript_diamond_marker_digitization_v1
MIR_2007_FIG4_ERASER_PHASE_CONTROL,plus_45,Figure4a.ps,7cb540fbddd8e0db232c34237622064f0f7a35bb80b0267548c2d69b2cf54c33,47,210.12,402.06,45.00196875773129,6.0,6.0,https://arxiv.org/abs/0706.3966,https://doi.org/10.1088/1367-2630/9/8/287,postscript_diamond_marker_digitization_v1
MIR_2007_FIG4_ERASER_PHASE_CONTROL,plus_45,Figure4a.ps,7cb540fbddd8e0db232c34237622064f0f7a35bb80b0267548c2d69b2cf54c33,48,202.2,405.24,46.38184143311625,6.0,6.0,https://arxiv.org/abs/0706.3966,https://doi.org/10.1088/1367-2630/9/8/287,postscript_diamond_marker_digitization_v1
MIR_2007_FIG4_ERASER_PHASE_CONTROL,plus_45,Figure4a.ps,7cb540fbddd8e0db232c34237622064f0f7a35bb80b0267548c2d69b2cf54c33,49,205.86,408.36,45.74417299979441,6.0,6.0,https://arxiv.org/abs/0706.3966,https://doi.org/10.1088/1367-2630/9/8/287,postscript_diamond_marker_digitization_v1
MIR_2007_FIG4_ERASER_PHASE_CONTROL,plus_45,Figure4a.ps,7cb540fbddd8e0db232c34237622064f0f7a35bb80b0267548c2d69b2cf54c33,50,213.18,411.42,44.46883613315074,6.0,6.0,https://arxiv.org/abs/0706.3966,https://doi.org/10.1088/1367-2630/9/8/287,postscript_diamond_marker_digitization_v1
MIR_2007_FIG4_ERASER_PHASE_CONTROL,plus_45,Figure4a.ps,7cb540fbddd8e0db232c34237622064f0f7a35bb80b0267548c2d69b2cf54c33,51,218.64,414.6,43.51756027360506,6.0,6.0,https://arxiv.org/abs/0706.3966,https://doi.org/10.1088/1367-2630/9/8/287,postscript_diamond_marker_digitization_v1
MIR_2007_FIG4_ERASER_PHASE_CONTROL,plus_45,Figure4a.ps,7cb540fbddd8e0db232c34237622064f0f7a35bb80b0267548c2d69b2cf54c33,52,227.28,417.72,42.01224462773056,6.0,6.0,https://arxiv.org/abs/0706.3966,https://doi.org/10.1088/1367-2630/9/8/287,postscript_diamond_marker_digitization_v1
MIR_2007_FIG4_ERASER_PHASE_CONTROL,plus_45,Figure4a.ps,7cb540fbddd8e0db232c34237622064f0f7a35bb80b0267548c2d69b2cf54c33,53,246.66,420.9,38.635738005387076,6.0,6.0,https://arxiv.org/abs/0706.3966,https://doi.org/10.1088/1367-2630/9/8/287,postscript_diamond_marker_digitization_v1
MIR_2007_FIG4_ERASER_PHASE_CONTROL,plus_45,Figure4a.ps,7cb540fbddd8e0db232c34237622064f0f7a35bb80b0267548c2d69b2cf54c33,54,271.5,423.96,34.30795552349791,6.0,6.0,https://arxiv.org/abs/0706.3966,https://doi.org/10.1088/1367-2630/9/8/287,postscript_diamond_marker_digitization_v1
MIR_2007_FIG4_ERASER_PHASE_CONTROL,plus_45,Figure4a.ps,7cb540fbddd8e0db232c34237622064f0f7a35bb80b0267548c2d69b2cf54c33,55,289.74,427.14,31.130066937762862,6.0,6.0,https://arxiv.org/abs/0706.3966,https://doi.org/10.1088/1367-2630/9/8/287,postscript_diamond_marker_digitization_v1
MIR_2007_FIG4_ERASER_PHASE_CONTROL,plus_45,Figure4a.ps,7cb540fbddd8e0db232c34237622064f0f7a35bb80b0267548c2d69b2cf54c33,56,313.56,430.26,26.979995330733875,6.0,6.0,https://arxiv.org/abs/0706.3966,https://doi.org/10.1088/1367-2630/9/8/287,postscript_diamond_marker_digitization_v1
MIR_2007_FIG4_ERASER_PHASE_CONTROL,plus_45,Figure4a.ps,7cb540fbddd8e0db232c34237622064f0f7a35bb80b0267548c2d69b2cf54c33,57,322.2,433.44,25.47467968485938,6.0,6.0,https://arxiv.org/abs/0706.3966,https://doi.org/10.1088/1367-2630/9/8/287,postscript_diamond_marker_digitization_v1
MIR_2007_FIG4_ERASER_PHASE_CONTROL,plus_45,Figure4a.ps,7cb540fbddd8e0db232c34237622064f0f7a35bb80b0267548c2d69b2cf54c33,58,348.48,436.5,20.896011261991124,6.0,6.0,https://arxiv.org/abs/0706.3966,https://doi.org/10.1088/1367-2630/9/8/287,postscript_diamond_marker_digitization_v1
MIR_2007_FIG4_ERASER_PHASE_CONTROL,plus_45,Figure4a.ps,7cb540fbddd8e0db232c34237622064f0f7a35bb80b0267548c2d69b2cf54c33,59,367.32,439.68,17.6135868675148,6.0,6.0,https://arxiv.org/abs/0706.3966,https://doi.org/10.1088/1367-2630/9/8/287,postscript_diamond_marker_digitization_v1
MIR_2007_FIG4_ERASER_PHASE_CONTROL,plus_45,Figure4a.ps,7cb540fbddd8e0db232c34237622064f0f7a35bb80b0267548c2d69b2cf54c33,60,388.92,442.8,13.850297752828562,6.0,6.0,https://arxiv.org/abs/0706.3966,https://doi.org/10.1088/1367-2630/9/8/287,postscript_diamond_marker_digitization_v1
MIR_2007_FIG4_ERASER_PHASE_CONTROL,plus_45,Figure4a.ps,7cb540fbddd8e0db232c34237622064f0f7a35bb80b0267548c2d69b2cf54c33,61,415.14,445.98,9.282082910834442,6.0,6.0,https://arxiv.org/abs/0706.3966,https://doi.org/10.1088/1367-2630/9/8/287,postscript_diamond_marker_digitization_v1
MIR_2007_FIG4_ERASER_PHASE_CONTROL,plus_45,Figure4a.ps,7cb540fbddd8e0db232c34237622064f0f7a35bb80b0267548c2d69b2cf54c33,62,441.6,449.04,4.672053745343796,6.0,6.0,https://arxiv.org/abs/0706.3966,https://doi.org/10.1088/1367-2630/9/8/287,postscript_diamond_marker_digitization_v1
MIR_2007_FIG4_ERASER_PHASE_CONTROL,plus_45,Figure4a.ps,7cb540fbddd8e0db232c34237622064f0f7a35bb80b0267548c2d69b2cf54c33,63,440.88,452.22,4.797496715833343,6.0,6.0,https://arxiv.org/abs/0706.3966,https://doi.org/10.1088/1367-2630/9/8/287,postscript_diamond_marker_digitization_v1
MIR_2007_FIG4_ERASER_PHASE_CONTROL,plus_45,Figure4a.ps,7cb540fbddd8e0db232c34237622064f0f7a35bb80b0267548c2d69b2cf54c33,64,440.7,455.34,4.828857458455729,6.0,6.0,https://arxiv.org/abs/0706.3966,https://doi.org/10.1088/1367-2630/9/8/287,postscript_diamond_marker_digitization_v1
MIR_2007_FIG4_ERASER_PHASE_CONTROL,plus_45,Figure4a.ps,7cb540fbddd8e0db232c34237622064f0f7a35bb80b0267548c2d69b2cf54c33,65,428.76,458.52,6.909120052407286,6.0,6.0,https://arxiv.org/abs/0706.3966,https://doi.org/10.1088/1367-2630/9/8/287,postscript_diamond_marker_digitization_v1
MIR_2007_FIG4_ERASER_PHASE_CONTROL,plus_45,Figure4a.ps,7cb540fbddd8e0db232c34237622064f0f7a35bb80b0267548c2d69b2cf54c33,66,406.92,461.58,10.714223490590031,6.0,6.0,https://arxiv.org/abs/0706.3966,https://doi.org/10.1088/1367-2630/9/8/287,postscript_diamond_marker_digitization_v1
MIR_2007_FIG4_ERASER_PHASE_CONTROL,plus_45,Figure4a.ps,7cb540fbddd8e0db232c34237622064f0f7a35bb80b0267548c2d69b2cf54c33,67,374.58,464.76,16.348703581745262,6.0,6.0,https://arxiv.org/abs/0706.3966,https://doi.org/10.1088/1367-2630/9/8/287,postscript_diamond_marker_digitization_v1
MIR_2007_FIG4_ERASER_PHASE_CONTROL,plus_45,Figure4a.ps,7cb540fbddd8e0db232c34237622064f0f7a35bb80b0267548c2d69b2cf54c33,68,358.2,467.88,19.202531160382325,6.0,6.0,https://arxiv.org/abs/0706.3966,https://doi.org/10.1088/1367-2630/9/8/287,postscript_diamond_marker_digitization_v1
MIR_2007_FIG4_ERASER_PHASE_CONTROL,plus_45,Figure4a.ps,7cb540fbddd8e0db232c34237622064f0f7a35bb80b0267548c2d69b2cf54c33,69,343.2,471.06,21.815926378914433,6.0,6.0,https://arxiv.org/abs/0706.3966,https://doi.org/10.1088/1367-2630/9/8/287,postscript_diamond_marker_digitization_v1
MIR_2007_FIG4_ERASER_PHASE_CONTROL,plus_45,Figure4a.ps,7cb540fbddd8e0db232c34237622064f0f7a35bb80b0267548c2d69b2cf54c33,70,331.86,474.18,23.7916531641247,6.0,6.0,https://arxiv.org/abs/0706.3966,https://doi.org/10.1088/1367-2630/9/8/287,postscript_diamond_marker_digitization_v1
MIR_2007_FIG4_ERASER_PHASE_CONTROL,plus_45,Figure4a.ps,7cb540fbddd8e0db232c34237622064f0f7a35bb80b0267548c2d69b2cf54c33,71,322.92,477.24,25.349236714369837,6.0,6.0,https://arxiv.org/abs/0706.3966,https://doi.org/10.1088/1367-2630/9/8/287,postscript_diamond_marker_digitization_v1
MIR_2007_FIG4_ERASER_PHASE_CONTROL,plus_45,Figure4a.ps,7cb540fbddd8e0db232c34237622064f0f7a35bb80b0267548c2d69b2cf54c33,72,309.96,480.42,27.607210183181586,6.0,6.0,https://arxiv.org/abs/0706.3966,https://doi.org/10.1088/1367-2630/9/8/287,postscript_diamond_marker_digitization_v1
MIR_2007_FIG4_ERASER_PHASE_CONTROL,plus_45,Figure4a.ps,7cb540fbddd8e0db232c34237622064f0f7a35bb80b0267548c2d69b2cf54c33,73,303.48,483.54,28.73619691758745,6.0,6.0,https://arxiv.org/abs/0706.3966,https://doi.org/10.1088/1367-2630/9/8/287,postscript_diamond_marker_digitization_v1
MIR_2007_FIG4_ERASER_PHASE_CONTROL,plus_45,Figure4a.ps,7cb540fbddd8e0db232c34237622064f0f7a35bb80b0267548c2d69b2cf54c33,74,294.96,486.72,30.22060540171369,6.0,6.0,https://arxiv.org/abs/0706.3966,https://doi.org/10.1088/1367-2630/9/8/287,postscript_diamond_marker_digitization_v1
MIR_2007_FIG4_ERASER_PHASE_CONTROL,plus_45,Figure4a.ps,7cb540fbddd8e0db232c34237622064f0f7a35bb80b0267548c2d69b2cf54c33,75,297.12,489.78,29.844276490245065,6.0,6.0,https://arxiv.org/abs/0706.3966,https://doi.org/10.1088/1367-2630/9/8/287,postscript_diamond_marker_digitization_v1
MIR_2007_FIG4_ERASER_PHASE_CONTROL,plus_45,Figure4a.ps,7cb540fbddd8e0db232c34237622064f0f7a35bb80b0267548c2d69b2cf54c33,76,298.5,492.96,29.60384413014011,6.0,6.0,https://arxiv.org/abs/0706.3966,https://doi.org/10.1088/1367-2630/9/8/287,postscript_diamond_marker_digitization_v1
MIR_2007_FIG4_ERASER_PHASE_CONTROL,plus_45,Figure4a.ps,7cb540fbddd8e0db232c34237622064f0f7a35bb80b0267548c2d69b2cf54c33,77,301.74,496.08,29.039350762937175,6.0,6.0,https://arxiv.org/abs/0706.3966,https://doi.org/10.1088/1367-2630/9/8/287,postscript_diamond_marker_digitization_v1
MIR_2007_FIG4_ERASER_PHASE_CONTROL,plus_45,Figure4a.ps,7cb540fbddd8e0db232c34237622064f0f7a35bb80b0267548c2d69b2cf54c33,78,298.56,499.26,29.593390549265987,6.0,6.0,https://arxiv.org/abs/0706.3966,https://doi.org/10.1088/1367-2630/9/8/287,postscript_diamond_marker_digitization_v1
MIR_2007_FIG4_ERASER_PHASE_CONTROL,plus_45,Figure4a.ps,7cb540fbddd8e0db232c34237622064f0f7a35bb80b0267548c2d69b2cf54c33,79,305.88,502.32,28.318053682622313,6.0,6.0,https://arxiv.org/abs/0706.3966,https://doi.org/10.1088/1367-2630/9/8/287,postscript_diamond_marker_digitization_v1
MIR_2007_FIG4_ERASER_PHASE_CONTROL,plus_45,Figure4a.ps,7cb540fbddd8e0db232c34237622064f0f7a35bb80b0267548c2d69b2cf54c33,80,310.02,505.5,27.596756602307455,6.0,6.0,https://arxiv.org/abs/0706.3966,https://doi.org/10.1088/1367-2630/9/8/287,postscript_diamond_marker_digitization_v1
MIR_2007_FIG4_ERASER_PHASE_CONTROL,plus_45,Figure4a.ps,7cb540fbddd8e0db232c34237622064f0f7a35bb80b0267548c2d69b2cf54c33,81,324.42,508.68,25.08789719251663,6.0,6.0,https://arxiv.org/abs/0706.3966,https://doi.org/10.1088/1367-2630/9/8/287,postscript_diamond_marker_digitization_v1
MIR_2007_FIG4_ERASER_PHASE_CONTROL,plus_45,Figure4a.ps,7cb540fbddd8e0db232c34237622064f0f7a35bb80b0267548c2d69b2cf54c33,82,334.68,511.8,23.300334863040668,6.0,5.999999999999943,https://arxiv.org/abs/0706.3966,https://doi.org/10.1088/1367-2630/9/8/287,postscript_diamond_marker_digitization_v1
MIR_2007_FIG4_ERASER_PHASE_CONTROL,plus_45,Figure4a.ps,7cb540fbddd8e0db232c34237622064f0f7a35bb80b0267548c2d69b2cf54c33,83,346.86,514.98,21.178257945592595,6.0,6.0,https://arxiv.org/abs/0706.3966,https://doi.org/10.1088/1367-2630/9/8/287,postscript_diamond_marker_digitization_v1
MIR_2007_FIG4_ERASER_PHASE_CONTROL,plus_45,Figure4a.ps,7cb540fbddd8e0db232c34237622064f0f7a35bb80b0267548c2d69b2cf54c33,84,357.06,518.04,19.40114919699076,6.0,6.0,https://arxiv.org/abs/0706.3966,https://doi.org/10.1088/1367-2630/9/8/287,postscript_diamond_marker_digitization_v1
MIR_2007_FIG4_ERASER_PHASE_CONTROL,plus_45,Figure4a.ps,7cb540fbddd8e0db232c34237622064f0f7a35bb80b0267548c2d69b2cf54c33,85,372.96,521.22,16.63095026534673,6.0,6.0,https://arxiv.org/abs/0706.3966,https://doi.org/10.1088/1367-2630/9/8/287,postscript_diamond_marker_digitization_v1
MIR_2007_FIG4_ERASER_PHASE_CONTROL,plus_45,Figure4a.ps,7cb540fbddd8e0db232c34237622064f0f7a35bb80b0267548c2d69b2cf54c33,86,388.38,524.34,13.94437998069572,6.0,6.0,https://arxiv.org/abs/0706.3966,https://doi.org/10.1088/1367-2630/9/8/287,postscript_diamond_marker_digitization_v1
MIR_2007_FIG4_ERASER_PHASE_CONTROL,plus_45,Figure4a.ps,7cb540fbddd8e0db232c34237622064f0f7a35bb80b0267548c2d69b2cf54c33,87,413.88,527.52,9.501608109191137,6.0,6.0,https://arxiv.org/abs/0706.3966,https://doi.org/10.1088/1367-2630/9/8/287,postscript_diamond_marker_digitization_v1
MIR_2007_FIG4_ERASER_PHASE_CONTROL,plus_45,Figure4a.ps,7cb540fbddd8e0db232c34237622064f0f7a35bb80b0267548c2d69b2cf54c33,88,425.34,530.58,7.504974162232609,6.0,6.0,https://arxiv.org/abs/0706.3966,https://doi.org/10.1088/1367-2630/9/8/287,postscript_diamond_marker_digitization_v1
MIR_2007_FIG4_ERASER_PHASE_CONTROL,plus_45,Figure4a.ps,7cb540fbddd8e0db232c34237622064f0f7a35bb80b0267548c2d69b2cf54c33,89,430.38,533.76,6.626873368805818,6.0,6.0,https://arxiv.org/abs/0706.3966,https://doi.org/10.1088/1367-2630/9/8/287,postscript_diamond_marker_digitization_v1
MIR_2007_FIG4_ERASER_PHASE_CONTROL,plus_45,Figure4a.ps,7cb540fbddd8e0db232c34237622064f0f7a35bb80b0267548c2d69b2cf54c33,90,443.22,536.76,4.389807061742328,6.0,6.0,https://arxiv.org/abs/0706.3966,https://doi.org/10.1088/1367-2630/9/8/287,postscript_diamond_marker_digitization_v1
MIR_2007_FIG4_ERASER_PHASE_CONTROL,plus_45,Figure4a.ps,7cb540fbddd8e0db232c34237622064f0f7a35bb80b0267548c2d69b2cf54c33,91,441.6,540.0,4.672053745343796,6.0,6.0,https://arxiv.org/abs/0706.3966,https://doi.org/10.1088/1367-2630/9/8/287,postscript_diamond_marker_digitization_v1
MIR_2007_FIG4_ERASER_PHASE_CONTROL,plus_45,Figure4a.ps,7cb540fbddd8e0db232c34237622064f0f7a35bb80b0267548c2d69b2cf54c33,92,447.12,543.18,3.7103243049239834,6.0,6.0,https://arxiv.org/abs/0706.3966,https://doi.org/10.1088/1367-2630/9/8/287,postscript_diamond_marker_digitization_v1
MIR_2007_FIG4_ERASER_PHASE_CONTROL,plus_45,Figure4a.ps,7cb540fbddd8e0db232c34237622064f0f7a35bb80b0267548c2d69b2cf54c33,93,439.74,546.24,4.9961147524417795,6.0,6.0,https://arxiv.org/abs/0706.3966,https://doi.org/10.1088/1367-2630/9/8/287,postscript_diamond_marker_digitization_v1
MIR_2007_FIG4_ERASER_PHASE_CONTROL,plus_45,Figure4a.ps,7cb540fbddd8e0db232c34237622064f0f7a35bb80b0267548c2d69b2cf54c33,94,440.58,549.42,4.849764620203986,6.0,6.0,https://arxiv.org/abs/0706.3966,https://doi.org/10.1088/1367-2630/9/8/287,postscript_diamond_marker_digitization_v1
MIR_2007_FIG4_ERASER_PHASE_CONTROL,plus_45,Figure4a.ps,7cb540fbddd8e0db232c34237622064f0f7a35bb80b0267548c2d69b2cf54c33,95,438.78,552.54,5.163372046427842,6.0,6.0,https://arxiv.org/abs/0706.3966,https://doi.org/10.1088/1367-2630/9/8/287,postscript_diamond_marker_digitization_v1
MIR_2007_FIG4_ERASER_PHASE_CONTROL,plus_45,Figure4a.ps,7cb540fbddd8e0db232c34237622064f0f7a35bb80b0267548c2d69b2cf54c33,96,434.76,555.72,5.863761964994444,6.0,6.0,https://arxiv.org/abs/0706.3966,https://doi.org/10.1088/1367-2630/9/8/287,postscript_diamond_marker_digitization_v1
MIR_2007_FIG4_ERASER_PHASE_CONTROL,plus_45,Figure4a.ps,7cb540fbddd8e0db232c34237622064f0f7a35bb80b0267548c2d69b2cf54c33,97,429.42,558.78,6.794130662791869,6.0,6.0,https://arxiv.org/abs/0706.3966,https://doi.org/10.1088/1367-2630/9/8/287,postscript_diamond_marker_digitization_v1
MIR_2007_FIG4_ERASER_PHASE_CONTROL,plus_45,Figure4a.ps,7cb540fbddd8e0db232c34237622064f0f7a35bb80b0267548c2d69b2cf54c33,98,433.56,561.96,6.07283358247701,6.0,6.0,https://arxiv.org/abs/0706.3966,https://doi.org/10.1088/1367-2630/9/8/287,postscript_diamond_marker_digitization_v1
MIR_2007_FIG4_ERASER_PHASE_CONTROL,plus_45,Figure4a.ps,7cb540fbddd8e0db232c34237622064f0f7a35bb80b0267548c2d69b2cf54c33,99,423.48,565.08,7.8290351693305835,6.0,6.0,https://arxiv.org/abs/0706.3966,https://doi.org/10.1088/1367-2630/9/8/287,postscript_diamond_marker_digitization_v1
MIR_2007_FIG4_ERASER_PHASE_CONTROL,minus_45,Figure4b.ps,0875b4d8d38c92bbefc3109df32f7bd60b79f7a2835eff5ec79275e13f5af738,0,403.2,254.7,11.362345504786,6.0,6.0,https://arxiv.org/abs/0706.3966,https://doi.org/10.1088/1367-2630/9/8/287,postscript_diamond_marker_digitization_v1
MIR_2007_FIG4_ERASER_PHASE_CONTROL,minus_45,Figure4b.ps,0875b4d8d38c92bbefc3109df32f7bd60b79f7a2835eff5ec79275e13f5af738,1,399.3,257.88,12.041828261604342,6.0,6.0,https://arxiv.org/abs/0706.3966,https://doi.org/10.1088/1367-2630/9/8/287,postscript_diamond_marker_digitization_v1
MIR_2007_FIG4_ERASER_PHASE_CONTROL,minus_45,Figure4b.ps,0875b4d8d38c92bbefc3109df32f7bd60b79f7a2835eff5ec79275e13f5af738,2,388.32,261.0,13.954833561569849,6.0,6.0,https://arxiv.org/abs/0706.3966,https://doi.org/10.1088/1367-2630/9/8/287,postscript_diamond_marker_digitization_v1
MIR_2007_FIG4_ERASER_PHASE_CONTROL,minus_45,Figure4b.ps,0875b4d8d38c92bbefc3109df32f7bd60b79f7a2835eff5ec79275e13f5af738,3,381.42,264.18,15.156995362094616,6.0,6.0,https://arxiv.org/abs/0706.3966,https://doi.org/10.1088/1367-2630/9/8/287,postscript_diamond_marker_digitization_v1
MIR_2007_FIG4_ERASER_PHASE_CONTROL,minus_45,Figure4b.ps,0875b4d8d38c92bbefc3109df32f7bd60b79f7a2835eff5ec79275e13f5af738,4,370.2,267.24,17.111814985556638,6.0,6.0,https://arxiv.org/abs/0706.3966,https://doi.org/10.1088/1367-2630/9/8/287,postscript_diamond_marker_digitization_v1
MIR_2007_FIG4_ERASER_PHASE_CONTROL,minus_45,Figure4b.ps,0875b4d8d38c92bbefc3109df32f7bd60b79f7a2835eff5ec79275e13f5af738,5,366.12,270.42,17.822658484997365,6.0,6.0,https://arxiv.org/abs/0706.3966,https://doi.org/10.1088/1367-2630/9/8/287,postscript_diamond_marker_digitization_v1
MIR_2007_FIG4_ERASER_PHASE_CONTROL,minus_45,Figure4b.ps,0875b4d8d38c92bbefc3109df32f7bd60b79f7a2835eff5ec79275e13f5af738,6,358.86,273.54,19.087541770766904,6.0,6.0,https://arxiv.org/abs/0706.3966,https://doi.org/10.1088/1367-2630/9/8/287,postscript_diamond_marker_digitization_v1
MIR_2007_FIG4_ERASER_PHASE_CONTROL,minus_45,Figure4b.ps,0875b4d8d38c92bbefc3109df32f7bd60b79f7a2835eff5ec79275e13f5af738,7,361.5,276.72,18.627584212305255,6.0,6.0,https://arxiv.org/abs/0706.3966,https://doi.org/10.1088/1367-2630/9/8/287,postscript_diamond_marker_digitization_v1
MIR_2007_FIG4_ERASER_PHASE_CONTROL,minus_45,Figure4b.ps,0875b4d8d38c92bbefc3109df32f7bd60b79f7a2835eff5ec79275e13f5af738,8,352.38,279.78,20.21652850517278,6.0,6.0,https://arxiv.org/abs/0706.3966,https://doi.org/10.1088/1367-2630/9/8/287,postscript_diamond_marker_digitization_v1
MIR_2007_FIG4_ERASER_PHASE_CONTROL,minus_45,Figure4b.ps,0875b4d8d38c92bbefc3109df32f7bd60b79f7a2835eff5ec79275e13f5af738,9,359.22,282.96,19.024820285522136,6.0,6.0,https://arxiv.org/abs/0706.3966,https://doi.org/10.1088/1367-2630/9/8/287,postscript_diamond_marker_digitization_v1
MIR_2007_FIG4_ERASER_PHASE_CONTROL,minus_45,Figure4b.ps,0875b4d8d38c92bbefc3109df32f7bd60b79f7a2835eff5ec79275e13f5af738,10,356.88,286.08,19.432509939613148,6.0,6.0,https://arxiv.org/abs/0706.3966,https://doi.org/10.1088/1367-2630/9/8/287,postscript_diamond_marker_digitization_v1
MIR_2007_FIG4_ERASER_PHASE_CONTROL,minus_45,Figure4b.ps,0875b4d8d38c92bbefc3109df32f7bd60b79f7a2835eff5ec79275e13f5af738,11,368.46,289.14,17.414968830906364,6.0,6.0,https://arxiv.org/abs/0706.3966,https://doi.org/10.1088/1367-2630/9/8/287,postscript_diamond_marker_digitization_v1
MIR_2007_FIG4_ERASER_PHASE_CONTROL,minus_45,Figure4b.ps,0875b4d8d38c92bbefc3109df32f7bd60b79f7a2835eff5ec79275e13f5af738,12,377.22,292.32,15.888746023283604,6.0,6.0,https://arxiv.org/abs/0706.3966,https://doi.org/10.1088/1367-2630/9/8/287,postscript_diamond_marker_digitization_v1
MIR_2007_FIG4_ERASER_PHASE_CONTROL,minus_45,Figure4b.ps,0875b4d8d38c92bbefc3109df32f7bd60b79f7a2835eff5ec79275e13f5af738,13,369.6,295.44,17.216350794297917,6.0,6.0,https://arxiv.org/abs/0706.3966,https://doi.org/10.1088/1367-2630/9/8/287,postscript_diamond_marker_digitization_v1
MIR_2007_FIG4_ERASER_PHASE_CONTROL,minus_45,Figure4b.ps,0875b4d8d38c92bbefc3109df32f7bd60b79f7a2835eff5ec79275e13f5af738,14,388.02,298.62,14.007101465940494,6.0,6.0,https://arxiv.org/abs/0706.3966,https://doi.org/10.1088/1367-2630/9/8/287,postscript_diamond_marker_digitization_v1
MIR_2007_FIG4_ERASER_PHASE_CONTROL,minus_45,Figure4b.ps,0875b4d8d38c92bbefc3109df32f7bd60b79f7a2835eff5ec79275e13f5af738,15,395.22,301.68,12.752671761045073,6.0,6.0,https://arxiv.org/abs/0706.3966,https://doi.org/10.1088/1367-2630/9/8/287,postscript_diamond_marker_digitization_v1
MIR_2007_FIG4_ERASER_PHASE_CONTROL,minus_45,Figure4b.ps,0875b4d8d38c92bbefc3109df32f7bd60b79f7a2835eff5ec79275e13f5af738,16,409.86,304.86,10.201998027757739,6.0,6.0,https://arxiv.org/abs/0706.3966,https://doi.org/10.1088/1367-2630/9/8/287,postscript_diamond_marker_digitization_v1
MIR_2007_FIG4_ERASER_PHASE_CONTROL,minus_45,Figure4b.ps,0875b4d8d38c92bbefc3109df32f7bd60b79f7a2835eff5ec79275e13f5af738,17,424.5,307.98,7.651324294470403,6.0,6.0,https://arxiv.org/abs/0706.3966,https://doi.org/10.1088/1367-2630/9/8/287,postscript_diamond_marker_digitization_v1
MIR_2007_FIG4_ERASER_PHASE_CONTROL,minus_45,Figure4b.ps,0875b4d8d38c92bbefc3109df32f7bd60b79f7a2835eff5ec79275e13f5af738,18,434.34,311.16,5.936937031113345,6.0,6.0,https://arxiv.org/abs/0706.3966,https://doi.org/10.1088/1367-2630/9/8/287,postscript_diamond_marker_digitization_v1
MIR_2007_FIG4_ERASER_PHASE_CONTROL,minus_45,Figure4b.ps,0875b4d8d38c92bbefc3109df32f7bd60b79f7a2835eff5ec79275e13f5af738,19,428.4,314.22,6.97184153765206,6.0,6.0,https://arxiv.org/abs/0706.3966,https://doi.org/10.1088/1367-2630/9/8/287,postscript_diamond_marker_digitization_v1
MIR_2007_FIG4_ERASER_PHASE_CONTROL,minus_45,Figure4b.ps,0875b4d8d38c92bbefc3109df32f7bd60b79f7a2835eff5ec79275e13f5af738,20,436.38,317.4,5.581515281392975,6.0,6.0,https://arxiv.org/abs/0706.3966,https://doi.org/10.1088/1367-2630/9/8/287,postscript_diamond_marker_digitization_v1
MIR_2007_FIG4_ERASER_PHASE_CONTROL,minus_45,Figure4b.ps,0875b4d8d38c92bbefc3109df32f7bd60b79f7a2835eff5ec79275e13f5af738,21,422.22,320.52,8.04856036768728,6.0,6.0,https://arxiv.org/abs/0706.3966,https://doi.org/10.1088/1367-2630/9/8/287,postscript_diamond_marker_digitization_v1
MIR_2007_FIG4_ERASER_PHASE_CONTROL,minus_45,Figure4b.ps,0875b4d8d38c92bbefc3109df32f7bd60b79f7a2835eff5ec79275e13f5af738,22,415.86,323.7,9.156639940344895,6.0,6.0,https://arxiv.org/abs/0706.3966,https://doi.org/10.1088/1367-2630/9/8/287,postscript_diamond_marker_digitization_v1
MIR_2007_FIG4_ERASER_PHASE_CONTROL,minus_45,Figure4b.ps,0875b4d8d38c92bbefc3109df32f7bd60b79f7a2835eff5ec79275e13f5af738,23,389.1,326.76,13.818937010206175,6.0,6.0,https://arxiv.org/abs/0706.3966,https://doi.org/10.1088/1367-2630/9/8/287,postscript_diamond_marker_digitization_v1
MIR_2007_FIG4_ERASER_PHASE_CONTROL,minus_45,Figure4b.ps,0875b4d8d38c92bbefc3109df32f7bd60b79f7a2835eff5ec79275e13f5af738,24,368.58,330.0,17.394061669158106,6.0,6.0,https://arxiv.org/abs/0706.3966,https://doi.org/10.1088/1367-2630/9/8/287,postscript_diamond_marker_digitization_v1
MIR_2007_FIG4_ERASER_PHASE_CONTROL,minus_45,Figure4b.ps,0875b4d8d38c92bbefc3109df32f7bd60b79f7a2835eff5ec79275e13f5af738,25,344.22,333.06,21.63821550405424,6.0,6.0,https://arxiv.org/abs/0706.3966,https://doi.org/10.1088/1367-2630/9/8/287,postscript_diamond_marker_digitization_v1
MIR_2007_FIG4_ERASER_PHASE_CONTROL,minus_45,Figure4b.ps,0875b4d8d38c92bbefc3109df32f7bd60b79f7a2835eff5ec79275e13f5af738,26,334.38,336.24,23.35260276741131,6.0,6.0,https://arxiv.org/abs/0706.3966,https://doi.org/10.1088/1367-2630/9/8/287,postscript_diamond_marker_digitization_v1
MIR_2007_FIG4_ERASER_PHASE_CONTROL,minus_45,Figure4b.ps,0875b4d8d38c92bbefc3109df32f7bd60b79f7a2835eff5ec79275e13f5af738,27,307.92,339.42,27.962631932901942,6.0,6.0,https://arxiv.org/abs/0706.3966,https://doi.org/10.1088/1367-2630/9/8/287,postscript_diamond_marker_digitization_v1
MIR_2007_FIG4_ERASER_PHASE_CONTROL,minus_45,Figure4b.ps,0875b4d8d38c92bbefc3109df32f7bd60b79f7a2835eff5ec79275e13f5af738,28,297.3,342.54,29.812915747622675,6.0,6.0,https://arxiv.org/abs/0706.3966,https://doi.org/10.1088/1367-2630/9/8/287,postscript_diamond_marker_digitization_v1
MIR_2007_FIG4_ERASER_PHASE_CONTROL,minus_45,Figure4b.ps,0875b4d8d38c92bbefc3109df32f7bd60b79f7a2835eff5ec79275e13f5af738,29,280.56,345.72,32.72946481150451,6.0,6.0,https://arxiv.org/abs/0706.3966,https://doi.org/10.1088/1367-2630/9/8/287,postscript_diamond_marker_digitization_v1
MIR_2007_FIG4_ERASER_PHASE_CONTROL,minus_45,Figure4b.ps,0875b4d8d38c92bbefc3109df32f7bd60b79f7a2835eff5ec79275e13f5af738,30,269.4,348.72,34.67383085409241,6.0,6.0,https://arxiv.org/abs/0706.3966,https://doi.org/10.1088/1367-2630/9/8/287,postscript_diamond_marker_digitization_v1
MIR_2007_FIG4_ERASER_PHASE_CONTROL,minus_45,Figure4b.ps,0875b4d8d38c92bbefc3109df32f7bd60b79f7a2835eff5ec79275e13f5af738,31,252.48,351.9,37.62174066059662,6.0,6.0,https://arxiv.org/abs/0706.3966,https://doi.org/10.1088/1367-2630/9/8/287,postscript_diamond_marker_digitization_v1
MIR_2007_FIG4_ERASER_PHASE_CONTROL,minus_45,Figure4b.ps,0875b4d8d38c92bbefc3109df32f7bd60b79f7a2835eff5ec79275e13f5af738,32,240.12,354.96,39.775178320667074,6.0,6.0,https://arxiv.org/abs/0706.3966,https://doi.org/10.1088/1367-2630/9/8/287,postscript_diamond_marker_digitization_v1
MIR_2007_FIG4_ERASER_PHASE_CONTROL,minus_45,Figure4b.ps,0875b4d8d38c92bbefc3109df32f7bd60b79f7a2835eff5ec79275e13f5af738,33,243.6,358.14,39.16887062996763,6.0,6.0,https://arxiv.org/abs/0706.3966,https://doi.org/10.1088/1367-2630/9/8/287,postscript_diamond_marker_digitization_v1
MIR_2007_FIG4_ERASER_PHASE_CONTROL,minus_45,Figure4b.ps,0875b4d8d38c92bbefc3109df32f7bd60b79f7a2835eff5ec79275e13f5af738,34,238.38,361.26,40.0783321660168,6.0,6.0,https://arxiv.org/abs/0706.3966,https://doi.org/10.1088/1367-2630/9/8/287,postscript_diamond_marker_digitization_v1
MIR_2007_FIG4_ERASER_PHASE_CONTROL,minus_45,Figure4b.ps,0875b4d8d38c92bbefc3109df32f7bd60b79f7a2835eff5ec79275e13f5af738,35,227.28,364.44,42.01224462773056,6.0,6.0,https://arxiv.org/abs/0706.3966,https://doi.org/10.1088/1367-2630/9/8/287,postscript_diamond_marker_digitization_v1
MIR_2007_FIG4_ERASER_PHASE_CONTROL,minus_45,Figure4b.ps,0875b4d8d38c92bbefc3109df32f7bd60b79f7a2835eff5ec79275e13f5af738,36,227.4,367.62,41.991337465982305,6.0,6.0,https://arxiv.org/abs/0706.3966,https://doi.org/10.1088/1367-2630/9/8/287,postscript_diamond_marker_digitization_v1
MIR_2007_FIG4_ERASER_PHASE_CONTROL,minus_45,Figure4b.ps,0875b4d8d38c92bbefc3109df32f7bd60b79f7a2835eff5ec79275e13f5af738,37,238.68,370.68,40.02606426164616,6.0,6.0,https://arxiv.org/abs/0706.3966,https://doi.org/10.1088/1367-2630/9/8/287,postscript_diamond_marker_digitization_v1
MIR_2007_FIG4_ERASER_PHASE_CONTROL,minus_45,Figure4b.ps,0875b4d8d38c92bbefc3109df32f7bd60b79f7a2835eff5ec79275e13f5af738,38,248.1,373.86,38.384852064408,6.0,6.0,https://arxiv.org/abs/0706.3966,https://doi.org/10.1088/1367-2630/9/8/287,postscript_diamond_marker_digitization_v1
MIR_2007_FIG4_ERASER_PHASE_CONTROL,minus_45,Figure4b.ps,0875b4d8d38c92bbefc3109df32f7bd60b79f7a2835eff5ec79275e13f5af738,39,268.56,376.98,34.8201809863302,6.0,6.0,https://arxiv.org/abs/0706.3966,https://doi.org/10.1088/1367-2630/9/8/287,postscript_diamond_marker_digitization_v1
MIR_2007_FIG4_ERASER_PHASE_CONTROL,minus_45,Figure4b.ps,0875b4d8d38c92bbefc3109df32f7bd60b79f7a2835eff5ec79275e13f5af738,40,280.68,380.16,32.70855764975625,6.0,6.0,https://arxiv.org/abs/0706.3966,https://doi.org/10.1088/1367-2630/9/8/287,postscript_diamond_marker_digitization_v1
MIR_2007_FIG4_ERASER_PHASE_CONTROL,minus_45,Figure4b.ps,0875b4d8d38c92bbefc3109df32f7bd60b79f7a2835eff5ec79275e13f5af738,41,289.2,383.22,31.22414916563002,6.0,6.0,https://arxiv.org/abs/0706.3966,https://doi.org/10.1088/1367-2630/9/8/287,postscript_diamond_marker_digitization_v1
MIR_2007_FIG4_ERASER_PHASE_CONTROL,minus_45,Figure4b.ps,0875b4d8d38c92bbefc3109df32f7bd60b79f7a2835eff5ec79275e13f5af738,42,296.58,386.4,29.938358718112223,6.0,6.0,https://arxiv.org/abs/0706.3966,https://doi.org/10.1088/1367-2630/9/8/287,postscript_diamond_marker_digitization_v1
MIR_2007_FIG4_ERASER_PHASE_CONTROL,minus_45,Figure4b.ps,0875b4d8d38c92bbefc3109df32f7bd60b79f7a2835eff5ec79275e13f5af738,43,317.1,389.52,26.363234059160295,6.0,6.0,https://arxiv.org/abs/0706.3966,https://doi.org/10.1088/1367-2630/9/8/287,postscript_diamond_marker_digitization_v1
MIR_2007_FIG4_ERASER_PHASE_CONTROL,minus_45,Figure4b.ps,0875b4d8d38c92bbefc3109df32f7bd60b79f7a2835eff5ec79275e13f5af738,44,326.22,392.7,24.77428976629277,6.0,6.0,https://arxiv.org/abs/0706.3966,https://doi.org/10.1088/1367-2630/9/8/287,postscript_diamond_marker_digitization_v1
MIR_2007_FIG4_ERASER_PHASE_CONTROL,minus_45,Figure4b.ps,0875b4d8d38c92bbefc3109df32f7bd60b79f7a2835eff5ec79275e13f5af738,45,352.74,395.76,20.153807019928006,6.0,6.0,https://arxiv.org/abs/0706.3966,https://doi.org/10.1088/1367-2630/9/8/287,postscript_diamond_marker_digitization_v1
MIR_2007_FIG4_ERASER_PHASE_CONTROL,minus_45,Figure4b.ps,0875b4d8d38c92bbefc3109df32f7bd60b79f7a2835eff5ec79275e13f5af738,46,362.4,399.0,18.470780499193335,6.0,6.0,https://arxiv.org/abs/0706.3966,https://doi.org/10.1088/1367-2630/9/8/287,postscript_diamond_marker_digitization_v1
MIR_2007_FIG4_ERASER_PHASE_CONTROL,minus_45,Figure4b.ps,0875b4d8d38c92bbefc3109df32f7bd60b79f7a2835eff5ec79275e13f5af738,47,396.06,402.06,12.60632162880728,6.0,6.0,https://arxiv.org/abs/0706.3966,https://doi.org/10.1088/1367-2630/9/8/287,postscript_diamond_marker_digitization_v1
MIR_2007_FIG4_ERASER_PHASE_CONTROL,minus_45,Figure4b.ps,0875b4d8d38c92bbefc3109df32f7bd60b79f7a2835eff5ec79275e13f5af738,48,421.56,405.24,8.163549757302697,6.0,6.0,https://arxiv.org/abs/0706.3966,https://doi.org/10.1088/1367-2630/9/8/287,postscript_diamond_marker_digitization_v1
MIR_2007_FIG4_ERASER_PHASE_CONTROL,minus_45,Figure4b.ps,0875b4d8d38c92bbefc3109df32f7bd60b79f7a2835eff5ec79275e13f5af738,49,439.5,408.36,5.037929075938295,6.0,6.0,https://arxiv.org/abs/0706.3966,https://doi.org/10.1088/1367-2630/9/8/287,postscript_diamond_marker_digitization_v1
MIR_2007_FIG4_ERASER_PHASE_CONTROL,minus_45,Figure4b.ps,0875b4d8d38c92bbefc3109df32f7bd60b79f7a2835eff5ec79275e13f5af738,50,439.74,411.42,4.9961147524417795,6.0,6.0,https://arxiv.org/abs/0706.3966,https://doi.org/10.1088/1367-2630/9/8/287,postscript_diamond_marker_digitization_v1
MIR_2007_FIG4_ERASER_PHASE_CONTROL,minus_45,Figure4b.ps,0875b4d8d38c92bbefc3109df32f7bd60b79f7a2835eff5ec79275e13f5af738,51,413.52,414.6,9.56432959443591,6.0,6.0,https://arxiv.org/abs/0706.3966,https://doi.org/10.1088/1367-2630/9/8/287,postscript_diamond_marker_digitization_v1
MIR_2007_FIG4_ERASER_PHASE_CONTROL,minus_45,Figure4b.ps,0875b4d8d38c92bbefc3109df32f7bd60b79f7a2835eff5ec79275e13f5af738,52,391.68,417.72,13.369433032618655,6.0,6.0,https://arxiv.org/abs/0706.3966,https://doi.org/10.1088/1367-2630/9/8/287,postscript_diamond_marker_digitization_v1
MIR_2007_FIG4_ERASER_PHASE_CONTROL,minus_45,Figure4b.ps,0875b4d8d38c92bbefc3109df32f7bd60b79f7a2835eff5ec79275e13f5af738,53,353.46,420.9,20.028364049438473,6.0,6.0,https://arxiv.org/abs/0706.3966,https://doi.org/10.1088/1367-2630/9/8/287,postscript_diamond_marker_digitization_v1
MIR_2007_FIG4_ERASER_PHASE_CONTROL,minus_45,Figure4b.ps,0875b4d8d38c92bbefc3109df32f7bd60b79f7a2835eff5ec79275e13f5af738,54,339.6,423.96,22.443141231362134,6.0,6.0,https://arxiv.org/abs/0706.3966,https://doi.org/10.1088/1367-2630/9/8/287,postscript_diamond_marker_digitization_v1
MIR_2007_FIG4_ERASER_PHASE_CONTROL,minus_45,Figure4b.ps,0875b4d8d38c92bbefc3109df32f7bd60b79f7a2835eff5ec79275e13f5af738,55,313.56,427.14,26.979995330733875,6.0,6.0,https://arxiv.org/abs/0706.3966,https://doi.org/10.1088/1367-2630/9/8/287,postscript_diamond_marker_digitization_v1
MIR_2007_FIG4_ERASER_PHASE_CONTROL,minus_45,Figure4b.ps,0875b4d8d38c92bbefc3109df32f7bd60b79f7a2835eff5ec79275e13f5af738,56,299.94,430.26,29.352958189161033,6.0,6.0,https://arxiv.org/abs/0706.3966,https://doi.org/10.1088/1367-2630/9/8/287,postscript_diamond_marker_digitization_v1
MIR_2007_FIG4_ERASER_PHASE_CONTROL,minus_45,Figure4b.ps,0875b4d8d38c92bbefc3109df32f7bd60b79f7a2835eff5ec79275e13f5af738,57,267.78,433.44,34.95607753769387,6.0,6.0,https://arxiv.org/abs/0706.3966,https://doi.org/10.1088/1367-2630/9/8/287,postscript_diamond_marker_digitization_v1
MIR_2007_FIG4_ERASER_PHASE_CONTROL,minus_45,Figure4b.ps,0875b4d8d38c92bbefc3109df32f7bd60b79f7a2835eff5ec79275e13f5af738,58,252.84,436.5,37.55901917535185,6.0,6.0,https://arxiv.org/abs/0706.3966,https://doi.org/10.1088/1367-2630/9/8/287,postscript_diamond_marker_digitization_v1
MIR_2007_FIG4_ERASER_PHASE_CONTROL,minus_45,Figure4b.ps,0875b4d8d38c92bbefc3109df32f7bd60b79f7a2835eff5ec79275e13f5af738,59,240.12,439.68,39.775178320667074,6.0,6.0,https://arxiv.org/abs/0706.3966,https://doi.org/10.1088/1367-2630/9/8/287,postscript_diamond_marker_digitization_v1
MIR_2007_FIG4_ERASER_PHASE_CONTROL,minus_45,Figure4b.ps,0875b4d8d38c92bbefc3109df32f7bd60b79f7a2835eff5ec79275e13f5af738,60,231.6,442.8,41.259586804793315,6.0,6.0,https://arxiv.org/abs/0706.3966,https://doi.org/10.1088/1367-2630/9/8/287,postscript_diamond_marker_digitization_v1
MIR_2007_FIG4_ERASER_PHASE_CONTROL,minus_45,Figure4b.ps,0875b4d8d38c92bbefc3109df32f7bd60b79f7a2835eff5ec79275e13f5af738,61,222.84,445.98,42.78580961241607,6.0,6.0,https://arxiv.org/abs/0706.3966,https://doi.org/10.1088/1367-2630/9/8/287,postscript_diamond_marker_digitization_v1
MIR_2007_FIG4_ERASER_PHASE_CONTROL,minus_45,Figure4b.ps,0875b4d8d38c92bbefc3109df32f7bd60b79f7a2835eff5ec79275e13f5af738,62,229.38,449.04,41.64636929713607,6.0,6.0,https://arxiv.org/abs/0706.3966,https://doi.org/10.1088/1367-2630/9/8/287,postscript_diamond_marker_digitization_v1
MIR_2007_FIG4_ERASER_PHASE_CONTROL,minus_45,Figure4b.ps,0875b4d8d38c92bbefc3109df32f7bd60b79f7a2835eff5ec79275e13f5af738,63,221.64,452.22,42.99488122989864,6.0,6.0,https://arxiv.org/abs/0706.3966,https://doi.org/10.1088/1367-2630/9/8/287,postscript_diamond_marker_digitization_v1
MIR_2007_FIG4_ERASER_PHASE_CONTROL,minus_45,Figure4b.ps,0875b4d8d38c92bbefc3109df32f7bd60b79f7a2835eff5ec79275e13f5af738,64,227.4,455.34,41.991337465982305,6.0,6.0,https://arxiv.org/abs/0706.3966,https://doi.org/10.1088/1367-2630/9/8/287,postscript_diamond_marker_digitization_v1
MIR_2007_FIG4_ERASER_PHASE_CONTROL,minus_45,Figure4b.ps,0875b4d8d38c92bbefc3109df32f7bd60b79f7a2835eff5ec79275e13f5af738,65,240.3,458.52,39.74381757804469,6.0,6.0,https://arxiv.org/abs/0706.3966,https://doi.org/10.1088/1367-2630/9/8/287,postscript_diamond_marker_digitization_v1
MIR_2007_FIG4_ERASER_PHASE_CONTROL,minus_45,Figure4b.ps,0875b4d8d38c92bbefc3109df32f7bd60b79f7a2835eff5ec79275e13f5af738,66,250.92,461.58,37.89353376332396,6.0,6.0,https://arxiv.org/abs/0706.3966,https://doi.org/10.1088/1367-2630/9/8/287,postscript_diamond_marker_digitization_v1
MIR_2007_FIG4_ERASER_PHASE_CONTROL,minus_45,Figure4b.ps,0875b4d8d38c92bbefc3109df32f7bd60b79f7a2835eff5ec79275e13f5af738,67,244.68,464.76,38.98070617423331,6.0,6.0,https://arxiv.org/abs/0706.3966,https://doi.org/10.1088/1367-2630/9/8/287,postscript_diamond_marker_digitization_v1
MIR_2007_FIG4_ERASER_PHASE_CONTROL,minus_45,Figure4b.ps,0875b4d8d38c92bbefc3109df32f7bd60b79f7a2835eff5ec79275e13f5af738,68,259.92,467.88,36.32549663220469,6.0,6.0,https://arxiv.org/abs/0706.3966,https://doi.org/10.1088/1367-2630/9/8/287,postscript_diamond_marker_digitization_v1
MIR_2007_FIG4_ERASER_PHASE_CONTROL,minus_45,Figure4b.ps,0875b4d8d38c92bbefc3109df32f7bd60b79f7a2835eff5ec79275e13f5af738,69,267.84,471.06,34.945623956819745,6.0,6.0,https://arxiv.org/abs/0706.3966,https://doi.org/10.1088/1367-2630/9/8/287,postscript_diamond_marker_digitization_v1
MIR_2007_FIG4_ERASER_PHASE_CONTROL,minus_45,Figure4b.ps,0875b4d8d38c92bbefc3109df32f7bd60b79f7a2835eff5ec79275e13f5af738,70,285.78,474.18,31.820003275455345,6.0,6.0,https://arxiv.org/abs/0706.3966,https://doi.org/10.1088/1367-2630/9/8/287,postscript_diamond_marker_digitization_v1
MIR_2007_FIG4_ERASER_PHASE_CONTROL,minus_45,Figure4b.ps,0875b4d8d38c92bbefc3109df32f7bd60b79f7a2835eff5ec79275e13f5af738,71,306.96,477.24,28.129889226888004,6.0,6.0,https://arxiv.org/abs/0706.3966,https://doi.org/10.1088/1367-2630/9/8/287,postscript_diamond_marker_digitization_v1
MIR_2007_FIG4_ERASER_PHASE_CONTROL,minus_45,Figure4b.ps,0875b4d8d38c92bbefc3109df32f7bd60b79f7a2835eff5ec79275e13f5af738,72,325.92,480.42,24.826557670663416,6.0,6.0,https://arxiv.org/abs/0706.3966,https://doi.org/10.1088/1367-2630/9/8/287,postscript_diamond_marker_digitization_v1
MIR_2007_FIG4_ERASER_PHASE_CONTROL,minus_45,Figure4b.ps,0875b4d8d38c92bbefc3109df32f7bd60b79f7a2835eff5ec79275e13f5af738,73,341.46,483.54,22.119080224264156,6.0,6.0,https://arxiv.org/abs/0706.3966,https://doi.org/10.1088/1367-2630/9/8/287,postscript_diamond_marker_digitization_v1
MIR_2007_FIG4_ERASER_PHASE_CONTROL,minus_45,Figure4b.ps,0875b4d8d38c92bbefc3109df32f7bd60b79f7a2835eff5ec79275e13f5af738,74,356.4,486.72,19.51613858660618,6.0,6.0,https://arxiv.org/abs/0706.3966,https://doi.org/10.1088/1367-2630/9/8/287,postscript_diamond_marker_digitization_v1
MIR_2007_FIG4_ERASER_PHASE_CONTROL,minus_45,Figure4b.ps,0875b4d8d38c92bbefc3109df32f7bd60b79f7a2835eff5ec79275e13f5af738,75,387.84,489.78,14.03846220856288,6.0,6.0,https://arxiv.org/abs/0706.3966,https://doi.org/10.1088/1367-2630/9/8/287,postscript_diamond_marker_digitization_v1
MIR_2007_FIG4_ERASER_PHASE_CONTROL,minus_45,Figure4b.ps,0875b4d8d38c92bbefc3109df32f7bd60b79f7a2835eff5ec79275e13f5af738,76,420.3,492.96,8.383074955659392,6.0,6.0,https://arxiv.org/abs/0706.3966,https://doi.org/10.1088/1367-2630/9/8/287,postscript_diamond_marker_digitization_v1
MIR_2007_FIG4_ERASER_PHASE_CONTROL,minus_45,Figure4b.ps,0875b4d8d38c92bbefc3109df32f7bd60b79f7a2835eff5ec79275e13f5af738,77,437.58,496.08,5.372443663910408,6.0,6.0,https://arxiv.org/abs/0706.3966,https://doi.org/10.1088/1367-2630/9/8/287,postscript_diamond_marker_digitization_v1
MIR_2007_FIG4_ERASER_PHASE_CONTROL,minus_45,Figure4b.ps,0875b4d8d38c92bbefc3109df32f7bd60b79f7a2835eff5ec79275e13f5af738,78,430.38,499.26,6.626873368805818,6.0,6.0,https://arxiv.org/abs/0706.3966,https://doi.org/10.1088/1367-2630/9/8/287,postscript_diamond_marker_digitization_v1
MIR_2007_FIG4_ERASER_PHASE_CONTROL,minus_45,Figure4b.ps,0875b4d8d38c92bbefc3109df32f7bd60b79f7a2835eff5ec79275e13f5af738,79,438.96,502.32,5.132011303805455,6.0,6.0,https://arxiv.org/abs/0706.3966,https://doi.org/10.1088/1367-2630/9/8/287,postscript_diamond_marker_digitization_v1
MIR_2007_FIG4_ERASER_PHASE_CONTROL,minus_45,Figure4b.ps,0875b4d8d38c92bbefc3109df32f7bd60b79f7a2835eff5ec79275e13f5af738,80,423.96,505.5,7.7454065223375625,6.0,6.0,https://arxiv.org/abs/0706.3966,https://doi.org/10.1088/1367-2630/9/8/287,postscript_diamond_marker_digitization_v1
MIR_2007_FIG4_ERASER_PHASE_CONTROL,minus_45,Figure4b.ps,0875b4d8d38c92bbefc3109df32f7bd60b79f7a2835eff5ec79275e13f5af738,81,419.4,508.68,8.539878668771324,6.0,6.0,https://arxiv.org/abs/0706.3966,https://doi.org/10.1088/1367-2630/9/8/287,postscript_diamond_marker_digitization_v1
MIR_2007_FIG4_ERASER_PHASE_CONTROL,minus_45,Figure4b.ps,0875b4d8d38c92bbefc3109df32f7bd60b79f7a2835eff5ec79275e13f5af738,82,401.94,511.8,11.581870703142695,6.0,5.999999999999943,https://arxiv.org/abs/0706.3966,https://doi.org/10.1088/1367-2630/9/8/287,postscript_diamond_marker_digitization_v1
MIR_2007_FIG4_ERASER_PHASE_CONTROL,minus_45,Figure4b.ps,0875b4d8d38c92bbefc3109df32f7bd60b79f7a2835eff5ec79275e13f5af738,83,390.96,514.98,13.4948760031082,6.0,6.0,https://arxiv.org/abs/0706.3966,https://doi.org/10.1088/1367-2630/9/8/287,postscript_diamond_marker_digitization_v1
MIR_2007_FIG4_ERASER_PHASE_CONTROL,minus_45,Figure4b.ps,0875b4d8d38c92bbefc3109df32f7bd60b79f7a2835eff5ec79275e13f5af738,84,371.4,518.04,16.90274336807407,6.0,6.0,https://arxiv.org/abs/0706.3966,https://doi.org/10.1088/1367-2630/9/8/287,postscript_diamond_marker_digitization_v1
MIR_2007_FIG4_ERASER_PHASE_CONTROL,minus_45,Figure4b.ps,0875b4d8d38c92bbefc3109df32f7bd60b79f7a2835eff5ec79275e13f5af738,85,366.42,521.22,17.770390580626724,6.0,6.0,https://arxiv.org/abs/0706.3966,https://doi.org/10.1088/1367-2630/9/8/287,postscript_diamond_marker_digitization_v1
MIR_2007_FIG4_ERASER_PHASE_CONTROL,minus_45,Figure4b.ps,0875b4d8d38c92bbefc3109df32f7bd60b79f7a2835eff5ec79275e13f5af738,86,356.76,524.34,19.453417101361406,6.0,6.0,https://arxiv.org/abs/0706.3966,https://doi.org/10.1088/1367-2630/9/8/287,postscript_diamond_marker_digitization_v1
MIR_2007_FIG4_ERASER_PHASE_CONTROL,minus_45,Figure4b.ps,0875b4d8d38c92bbefc3109df32f7bd60b79f7a2835eff5ec79275e13f5af738,87,365.76,527.52,17.88537997024214,6.0,6.0,https://arxiv.org/abs/0706.3966,https://doi.org/10.1088/1367-2630/9/8/287,postscript_diamond_marker_digitization_v1
MIR_2007_FIG4_ERASER_PHASE_CONTROL,minus_45,Figure4b.ps,0875b4d8d38c92bbefc3109df32f7bd60b79f7a2835eff5ec79275e13f5af738,88,357.6,530.58,19.3070669691236,6.0,6.0,https://arxiv.org/abs/0706.3966,https://doi.org/10.1088/1367-2630/9/8/287,postscript_diamond_marker_digitization_v1
MIR_2007_FIG4_ERASER_PHASE_CONTROL,minus_45,Figure4b.ps,0875b4d8d38c92bbefc3109df32f7bd60b79f7a2835eff5ec79275e13f5af738,89,353.76,533.76,19.976096145067824,6.0,6.0,https://arxiv.org/abs/0706.3966,https://doi.org/10.1088/1367-2630/9/8/287,postscript_diamond_marker_digitization_v1
MIR_2007_FIG4_ERASER_PHASE_CONTROL,minus_45,Figure4b.ps,0875b4d8d38c92bbefc3109df32f7bd60b79f7a2835eff5ec79275e13f5af738,90,351.6,536.76,20.352425056536443,6.0,6.0,https://arxiv.org/abs/0706.3966,https://doi.org/10.1088/1367-2630/9/8/287,postscript_diamond_marker_digitization_v1
MIR_2007_FIG4_ERASER_PHASE_CONTROL,minus_45,Figure4b.ps,0875b4d8d38c92bbefc3109df32f7bd60b79f7a2835eff5ec79275e13f5af738,91,340.5,540.0,22.28633751825021,6.0,6.0,https://arxiv.org/abs/0706.3966,https://doi.org/10.1088/1367-2630/9/8/287,postscript_diamond_marker_digitization_v1
MIR_2007_FIG4_ERASER_PHASE_CONTROL,minus_45,Figure4b.ps,0875b4d8d38c92bbefc3109df32f7bd60b79f7a2835eff5ec79275e13f5af738,92,354.6,543.18,19.829746012830025,6.0,6.0,https://arxiv.org/abs/0706.3966,https://doi.org/10.1088/1367-2630/9/8/287,postscript_diamond_marker_digitization_v1
MIR_2007_FIG4_ERASER_PHASE_CONTROL,minus_45,Figure4b.ps,0875b4d8d38c92bbefc3109df32f7bd60b79f7a2835eff5ec79275e13f5af738,93,349.32,546.24,20.74966112975333,6.0,6.0,https://arxiv.org/abs/0706.3966,https://doi.org/10.1088/1367-2630/9/8/287,postscript_diamond_marker_digitization_v1
MIR_2007_FIG4_ERASER_PHASE_CONTROL,minus_45,Figure4b.ps,0875b4d8d38c92bbefc3109df32f7bd60b79f7a2835eff5ec79275e13f5af738,94,362.28,549.42,18.49168766094159,6.0,6.0,https://arxiv.org/abs/0706.3966,https://doi.org/10.1088/1367-2630/9/8/287,postscript_diamond_marker_digitization_v1
MIR_2007_FIG4_ERASER_PHASE_CONTROL,minus_45,Figure4b.ps,0875b4d8d38c92bbefc3109df32f7bd60b79f7a2835eff5ec79275e13f5af738,95,365.1,552.54,18.000369359857547,6.0,6.0,https://arxiv.org/abs/0706.3966,https://doi.org/10.1088/1367-2630/9/8/287,postscript_diamond_marker_digitization_v1
MIR_2007_FIG4_ERASER_PHASE_CONTROL,minus_45,Figure4b.ps,0875b4d8d38c92bbefc3109df32f7bd60b79f7a2835eff5ec79275e13f5af738,96,379.14,555.72,15.5542314353115,6.0,6.0,https://arxiv.org/abs/0706.3966,https://doi.org/10.1088/1367-2630/9/8/287,postscript_diamond_marker_digitization_v1
MIR_2007_FIG4_ERASER_PHASE_CONTROL,minus_45,Figure4b.ps,0875b4d8d38c92bbefc3109df32f7bd60b79f7a2835eff5ec79275e13f5af738,97,390.48,558.78,13.578504650101223,6.0,6.0,https://arxiv.org/abs/0706.3966,https://doi.org/10.1088/1367-2630/9/8/287,postscript_diamond_marker_digitization_v1
MIR_2007_FIG4_ERASER_PHASE_CONTROL,minus_45,Figure4b.ps,0875b4d8d38c92bbefc3109df32f7bd60b79f7a2835eff5ec79275e13f5af738,98,409.02,561.96,10.348348159995542,6.0,6.0,https://arxiv.org/abs/0706.3966,https://doi.org/10.1088/1367-2630/9/8/287,postscript_diamond_marker_digitization_v1
MIR_2007_FIG4_ERASER_PHASE_CONTROL,minus_45,Figure4b.ps,0875b4d8d38c92bbefc3109df32f7bd60b79f7a2835eff5ec79275e13f5af738,99,411.84,565.08,9.857029858911508,6.0,6.0,https://arxiv.org/abs/0706.3966,https://doi.org/10.1088/1367-2630/9/8/287,postscript_diamond_marker_digitization_v1
