candidate_id,study,evidence_class,priority_rank,query_rank,artifact_focus,source_query,primary_source_url,doi,source_route,route_status,local_source_available,acceptance_criteria,overclaim_boundary
KOKOROWSKI_2001_MULTIPHOTON_SCATTERING,Kokorowski et al. 2001,raw_calibration_tables,1,1,beam_deflection_broadening_calibration.csv,Kokorowski 2001 multiphoton beam deflection broadening calibration kappa uncertainty,https://arxiv.org/abs/quant-ph/0009044,https://doi.org/10.1103/PhysRevLett.86.2191,primary_url:https://arxiv.org/abs/quant-ph/0009044;doi:https://doi.org/10.1103/PhysRevLett.86.2191,route_known_not_checked,True,"accept only if the source provides beam_deflection_broadening_calibration.csv with minimum columns branch_or_intensity,calibration_observable,value,value_se,units,independence_basis,source_note and supports recover raw beam-deflection/broadening calibration tables with independent kappa uncertainty provenance",do not count digitized contrast agreement as G11 closure without calibration uncertainty provenance
KOKOROWSKI_2001_MULTIPHOTON_SCATTERING,Kokorowski et al. 2001,raw_calibration_tables,1,2,kappa_uncertainty_notes.md,Kokorowski et al. 2001 kappa uncertainty notes raw calibration tables raw data,https://arxiv.org/abs/quant-ph/0009044,https://doi.org/10.1103/PhysRevLett.86.2191,primary_url:https://arxiv.org/abs/quant-ph/0009044;doi:https://doi.org/10.1103/PhysRevLett.86.2191,route_known_not_checked,True,"accept only if the source provides kappa_uncertainty_notes.md with minimum columns branch_or_intensity,calibration_observable,value,value_se,units,independence_basis,source_note and supports recover raw beam-deflection/broadening calibration tables with independent kappa uncertainty provenance",do not count digitized contrast agreement as G11 closure without calibration uncertainty provenance
KOKOROWSKI_2001_MULTIPHOTON_SCATTERING,Kokorowski et al. 2001,raw_calibration_tables,1,3,paired_contrast_values.csv,Kokorowski et al. 2001 paired contrast values raw calibration tables raw data,https://arxiv.org/abs/quant-ph/0009044,https://doi.org/10.1103/PhysRevLett.86.2191,primary_url:https://arxiv.org/abs/quant-ph/0009044;doi:https://doi.org/10.1103/PhysRevLett.86.2191,route_known_not_checked,True,"accept only if the source provides paired_contrast_values.csv with minimum columns branch_or_intensity,calibration_observable,value,value_se,units,independence_basis,source_note and supports recover raw beam-deflection/broadening calibration tables with independent kappa uncertainty provenance",do not count digitized contrast agreement as G11 closure without calibration uncertainty provenance
MIR_2007_WEAK_VALUE_MOMENTUM_TRANSFER,Mir et al. 2007,paired_visibility_curve,2,4,record_distribution.csv,Mir et al. 2007 record distribution paired visibility curve raw data,https://arxiv.org/abs/0706.3966,https://doi.org/10.1088/1367-2630/9/8/287,primary_url:https://arxiv.org/abs/0706.3966;doi:https://doi.org/10.1088/1367-2630/9/8/287,route_known_not_checked,True,"accept only if the source provides record_distribution.csv with minimum columns which_way_strength_or_setting,record_coordinate,record_value,record_value_se,visibility_or_contrast,visibility_or_contrast_se,independence_basis,source_note and supports recover a paired visibility or contrast sweep measured under the same record-distribution settings",do not count an independent record distribution without a paired visibility-loss curve
MIR_2007_WEAK_VALUE_MOMENTUM_TRANSFER,Mir et al. 2007,paired_visibility_curve,2,5,setting_pairing_notes.md,Mir et al. 2007 setting pairing notes paired visibility curve raw data,https://arxiv.org/abs/0706.3966,https://doi.org/10.1088/1367-2630/9/8/287,primary_url:https://arxiv.org/abs/0706.3966;doi:https://doi.org/10.1088/1367-2630/9/8/287,route_known_not_checked,True,"accept only if the source provides setting_pairing_notes.md with minimum columns which_way_strength_or_setting,record_coordinate,record_value,record_value_se,visibility_or_contrast,visibility_or_contrast_se,independence_basis,source_note and supports recover a paired visibility or contrast sweep measured under the same record-distribution settings",do not count an independent record distribution without a paired visibility-loss curve
MIR_2007_WEAK_VALUE_MOMENTUM_TRANSFER,Mir et al. 2007,paired_visibility_curve,2,6,visibility_or_contrast_sweep.csv,Mir 2007 weak value momentum transfer visibility contrast sweep,https://arxiv.org/abs/0706.3966,https://doi.org/10.1088/1367-2630/9/8/287,primary_url:https://arxiv.org/abs/0706.3966;doi:https://doi.org/10.1088/1367-2630/9/8/287,route_known_not_checked,True,"accept only if the source provides visibility_or_contrast_sweep.csv with minimum columns which_way_strength_or_setting,record_coordinate,record_value,record_value_se,visibility_or_contrast,visibility_or_contrast_se,independence_basis,source_note and supports recover a paired visibility or contrast sweep measured under the same record-distribution settings",do not count an independent record distribution without a paired visibility-loss curve
KOCSIS_2011_AVERAGE_TRAJECTORIES,Kocsis et al. 2011,paired_visibility_curve,3,7,record_distribution.csv,Kocsis et al. 2011 record distribution paired visibility curve raw data,https://www.nist.gov/publications/observing-average-trajectories-single-photons-two-slit-interferometer,https://doi.org/10.1126/science.1202218,primary_url:https://www.nist.gov/publications/observing-average-trajectories-single-photons-two-slit-interferometer;doi:https://doi.org/10.1126/science.1202218,route_known_not_checked,False,"accept only if the source provides record_distribution.csv with minimum columns which_way_strength_or_setting,record_coordinate,record_value,record_value_se,visibility_or_contrast,visibility_or_contrast_se,independence_basis,source_note and supports recover a paired visibility or contrast sweep measured under the same record-distribution settings",do not count an independent record distribution without a paired visibility-loss curve
KOCSIS_2011_AVERAGE_TRAJECTORIES,Kocsis et al. 2011,paired_visibility_curve,3,8,setting_pairing_notes.md,Kocsis et al. 2011 setting pairing notes paired visibility curve raw data,https://www.nist.gov/publications/observing-average-trajectories-single-photons-two-slit-interferometer,https://doi.org/10.1126/science.1202218,primary_url:https://www.nist.gov/publications/observing-average-trajectories-single-photons-two-slit-interferometer;doi:https://doi.org/10.1126/science.1202218,route_known_not_checked,False,"accept only if the source provides setting_pairing_notes.md with minimum columns which_way_strength_or_setting,record_coordinate,record_value,record_value_se,visibility_or_contrast,visibility_or_contrast_se,independence_basis,source_note and supports recover a paired visibility or contrast sweep measured under the same record-distribution settings",do not count an independent record distribution without a paired visibility-loss curve
KOCSIS_2011_AVERAGE_TRAJECTORIES,Kocsis et al. 2011,paired_visibility_curve,3,9,visibility_or_contrast_sweep.csv,Kocsis et al. 2011 visibility or contrast sweep paired visibility curve raw data,https://www.nist.gov/publications/observing-average-trajectories-single-photons-two-slit-interferometer,https://doi.org/10.1126/science.1202218,primary_url:https://www.nist.gov/publications/observing-average-trajectories-single-photons-two-slit-interferometer;doi:https://doi.org/10.1126/science.1202218,route_known_not_checked,False,"accept only if the source provides visibility_or_contrast_sweep.csv with minimum columns which_way_strength_or_setting,record_coordinate,record_value,record_value_se,visibility_or_contrast,visibility_or_contrast_se,independence_basis,source_note and supports recover a paired visibility or contrast sweep measured under the same record-distribution settings",do not count an independent record distribution without a paired visibility-loss curve
ROZEMA_2012_WEAK_MEASUREMENT_DISTURBANCE,Rozema et al. 2012,paired_visibility_curve,4,10,record_distribution.csv,Rozema et al. 2012 record distribution paired visibility curve raw data,https://doi.org/10.1103/PhysRevLett.109.100404,https://doi.org/10.1103/PhysRevLett.109.100404,primary_url:https://doi.org/10.1103/PhysRevLett.109.100404;doi:https://doi.org/10.1103/PhysRevLett.109.100404,route_known_not_checked,False,"accept only if the source provides record_distribution.csv with minimum columns which_way_strength_or_setting,record_coordinate,record_value,record_value_se,visibility_or_contrast,visibility_or_contrast_se,independence_basis,source_note and supports recover a paired visibility or contrast sweep measured under the same record-distribution settings",do not count an independent record distribution without a paired visibility-loss curve
ROZEMA_2012_WEAK_MEASUREMENT_DISTURBANCE,Rozema et al. 2012,paired_visibility_curve,4,11,setting_pairing_notes.md,Rozema et al. 2012 setting pairing notes paired visibility curve raw data,https://doi.org/10.1103/PhysRevLett.109.100404,https://doi.org/10.1103/PhysRevLett.109.100404,primary_url:https://doi.org/10.1103/PhysRevLett.109.100404;doi:https://doi.org/10.1103/PhysRevLett.109.100404,route_known_not_checked,False,"accept only if the source provides setting_pairing_notes.md with minimum columns which_way_strength_or_setting,record_coordinate,record_value,record_value_se,visibility_or_contrast,visibility_or_contrast_se,independence_basis,source_note and supports recover a paired visibility or contrast sweep measured under the same record-distribution settings",do not count an independent record distribution without a paired visibility-loss curve
ROZEMA_2012_WEAK_MEASUREMENT_DISTURBANCE,Rozema et al. 2012,paired_visibility_curve,4,12,visibility_or_contrast_sweep.csv,Rozema et al. 2012 visibility or contrast sweep paired visibility curve raw data,https://doi.org/10.1103/PhysRevLett.109.100404,https://doi.org/10.1103/PhysRevLett.109.100404,primary_url:https://doi.org/10.1103/PhysRevLett.109.100404;doi:https://doi.org/10.1103/PhysRevLett.109.100404,route_known_not_checked,False,"accept only if the source provides visibility_or_contrast_sweep.csv with minimum columns which_way_strength_or_setting,record_coordinate,record_value,record_value_se,visibility_or_contrast,visibility_or_contrast_se,independence_basis,source_note and supports recover a paired visibility or contrast sweep measured under the same record-distribution settings",do not count an independent record distribution without a paired visibility-loss curve
KANEDA_2014_ERROR_DISTURBANCE,Kaneda et al. 2014,paired_visibility_curve,5,13,record_distribution.csv,Kaneda et al. 2014 record distribution paired visibility curve raw data,https://doi.org/10.1103/PhysRevLett.112.020402,https://doi.org/10.1103/PhysRevLett.112.020402,primary_url:https://doi.org/10.1103/PhysRevLett.112.020402;doi:https://doi.org/10.1103/PhysRevLett.112.020402,route_known_not_checked,False,"accept only if the source provides record_distribution.csv with minimum columns which_way_strength_or_setting,record_coordinate,record_value,record_value_se,visibility_or_contrast,visibility_or_contrast_se,independence_basis,source_note and supports recover a paired visibility or contrast sweep measured under the same record-distribution settings",do not count an independent record distribution without a paired visibility-loss curve
KANEDA_2014_ERROR_DISTURBANCE,Kaneda et al. 2014,paired_visibility_curve,5,14,setting_pairing_notes.md,Kaneda et al. 2014 setting pairing notes paired visibility curve raw data,https://doi.org/10.1103/PhysRevLett.112.020402,https://doi.org/10.1103/PhysRevLett.112.020402,primary_url:https://doi.org/10.1103/PhysRevLett.112.020402;doi:https://doi.org/10.1103/PhysRevLett.112.020402,route_known_not_checked,False,"accept only if the source provides setting_pairing_notes.md with minimum columns which_way_strength_or_setting,record_coordinate,record_value,record_value_se,visibility_or_contrast,visibility_or_contrast_se,independence_basis,source_note and supports recover a paired visibility or contrast sweep measured under the same record-distribution settings",do not count an independent record distribution without a paired visibility-loss curve
KANEDA_2014_ERROR_DISTURBANCE,Kaneda et al. 2014,paired_visibility_curve,5,15,visibility_or_contrast_sweep.csv,Kaneda et al. 2014 visibility or contrast sweep paired visibility curve raw data,https://doi.org/10.1103/PhysRevLett.112.020402,https://doi.org/10.1103/PhysRevLett.112.020402,primary_url:https://doi.org/10.1103/PhysRevLett.112.020402;doi:https://doi.org/10.1103/PhysRevLett.112.020402,route_known_not_checked,False,"accept only if the source provides visibility_or_contrast_sweep.csv with minimum columns which_way_strength_or_setting,record_coordinate,record_value,record_value_se,visibility_or_contrast,visibility_or_contrast_se,independence_basis,source_note and supports recover a paired visibility or contrast sweep measured under the same record-distribution settings",do not count an independent record distribution without a paired visibility-loss curve
EIBENBERGER_2014_RECOIL_ABSORPTION,Eibenberger et al. 2014,independent_record_distribution,6,16,independence_provenance.md,Eibenberger et al. 2014 independence provenance independent record distribution raw data,https://arxiv.org/abs/1402.5307,https://doi.org/10.1103/PhysRevLett.112.250402,primary_url:https://arxiv.org/abs/1402.5307;doi:https://doi.org/10.1103/PhysRevLett.112.250402,route_known_not_checked,False,"accept only if the source provides independence_provenance.md with minimum columns setting,record_observable,record_value,record_value_se,visibility_or_contrast,visibility_or_contrast_se,independence_basis,source_note and supports recover an independently measured record distribution with provenance separate from the visibility fit",do not count visibility-derived record variables as independent distribution-to-visibility validation
EIBENBERGER_2014_RECOIL_ABSORPTION,Eibenberger et al. 2014,independent_record_distribution,6,17,independent_record_distribution.csv,Eibenberger et al. 2014 independent record distribution independent record distribution raw data,https://arxiv.org/abs/1402.5307,https://doi.org/10.1103/PhysRevLett.112.250402,primary_url:https://arxiv.org/abs/1402.5307;doi:https://doi.org/10.1103/PhysRevLett.112.250402,route_known_not_checked,False,"accept only if the source provides independent_record_distribution.csv with minimum columns setting,record_observable,record_value,record_value_se,visibility_or_contrast,visibility_or_contrast_se,independence_basis,source_note and supports recover an independently measured record distribution with provenance separate from the visibility fit",do not count visibility-derived record variables as independent distribution-to-visibility validation
EIBENBERGER_2014_RECOIL_ABSORPTION,Eibenberger et al. 2014,independent_record_distribution,6,18,paired_visibility_or_contrast.csv,Eibenberger et al. 2014 paired visibility or contrast independent record distribution raw data,https://arxiv.org/abs/1402.5307,https://doi.org/10.1103/PhysRevLett.112.250402,primary_url:https://arxiv.org/abs/1402.5307;doi:https://doi.org/10.1103/PhysRevLett.112.250402,route_known_not_checked,False,"accept only if the source provides paired_visibility_or_contrast.csv with minimum columns setting,record_observable,record_value,record_value_se,visibility_or_contrast,visibility_or_contrast_se,independence_basis,source_note and supports recover an independently measured record distribution with provenance separate from the visibility fit",do not count visibility-derived record variables as independent distribution-to-visibility validation
HORNBERGER_2003_COLLISIONAL_DECOHERENCE,Hackermueller/Hornberger et al. 2003,independent_record_distribution,7,19,independence_provenance.md,Hackermueller/Hornberger et al. 2003 independence provenance independent record distribution raw data,https://arxiv.org/abs/quant-ph/0307238,https://doi.org/10.1007/s00340-003-1312-6,primary_url:https://arxiv.org/abs/quant-ph/0307238;doi:https://doi.org/10.1007/s00340-003-1312-6,route_known_not_checked,False,"accept only if the source provides independence_provenance.md with minimum columns setting,record_observable,record_value,record_value_se,visibility_or_contrast,visibility_or_contrast_se,independence_basis,source_note and supports recover an independently measured record distribution with provenance separate from the visibility fit",do not count visibility-derived record variables as independent distribution-to-visibility validation
HORNBERGER_2003_COLLISIONAL_DECOHERENCE,Hackermueller/Hornberger et al. 2003,independent_record_distribution,7,20,independent_record_distribution.csv,Hackermueller/Hornberger et al. 2003 independent record distribution independent record distribution raw data,https://arxiv.org/abs/quant-ph/0307238,https://doi.org/10.1007/s00340-003-1312-6,primary_url:https://arxiv.org/abs/quant-ph/0307238;doi:https://doi.org/10.1007/s00340-003-1312-6,route_known_not_checked,False,"accept only if the source provides independent_record_distribution.csv with minimum columns setting,record_observable,record_value,record_value_se,visibility_or_contrast,visibility_or_contrast_se,independence_basis,source_note and supports recover an independently measured record distribution with provenance separate from the visibility fit",do not count visibility-derived record variables as independent distribution-to-visibility validation
HORNBERGER_2003_COLLISIONAL_DECOHERENCE,Hackermueller/Hornberger et al. 2003,independent_record_distribution,7,21,paired_visibility_or_contrast.csv,Hackermueller/Hornberger et al. 2003 paired visibility or contrast independent record distribution raw data,https://arxiv.org/abs/quant-ph/0307238,https://doi.org/10.1007/s00340-003-1312-6,primary_url:https://arxiv.org/abs/quant-ph/0307238;doi:https://doi.org/10.1007/s00340-003-1312-6,route_known_not_checked,False,"accept only if the source provides paired_visibility_or_contrast.csv with minimum columns setting,record_observable,record_value,record_value_se,visibility_or_contrast,visibility_or_contrast_se,independence_basis,source_note and supports recover an independently measured record distribution with provenance separate from the visibility fit",do not count visibility-derived record variables as independent distribution-to-visibility validation
HOCHRAINER_2017_INDUCED_COHERENCE_MOMENTUM_CORRELATION,Hochrainer et al. 2017,independent_record_distribution,8,22,independence_provenance.md,Hochrainer et al. 2017 independence provenance independent record distribution raw data,https://arxiv.org/abs/1610.05529,https://doi.org/10.1073/pnas.1615874114,primary_url:https://arxiv.org/abs/1610.05529;doi:https://doi.org/10.1073/pnas.1615874114,route_known_not_checked,False,"accept only if the source provides independence_provenance.md with minimum columns setting,record_observable,record_value,record_value_se,visibility_or_contrast,visibility_or_contrast_se,independence_basis,source_note and supports recover an independently measured record distribution with provenance separate from the visibility fit",do not count visibility-derived record variables as independent distribution-to-visibility validation
HOCHRAINER_2017_INDUCED_COHERENCE_MOMENTUM_CORRELATION,Hochrainer et al. 2017,independent_record_distribution,8,23,independent_record_distribution.csv,Hochrainer et al. 2017 independent record distribution independent record distribution raw data,https://arxiv.org/abs/1610.05529,https://doi.org/10.1073/pnas.1615874114,primary_url:https://arxiv.org/abs/1610.05529;doi:https://doi.org/10.1073/pnas.1615874114,route_known_not_checked,False,"accept only if the source provides independent_record_distribution.csv with minimum columns setting,record_observable,record_value,record_value_se,visibility_or_contrast,visibility_or_contrast_se,independence_basis,source_note and supports recover an independently measured record distribution with provenance separate from the visibility fit",do not count visibility-derived record variables as independent distribution-to-visibility validation
HOCHRAINER_2017_INDUCED_COHERENCE_MOMENTUM_CORRELATION,Hochrainer et al. 2017,independent_record_distribution,8,24,paired_visibility_or_contrast.csv,Hochrainer et al. 2017 paired visibility or contrast independent record distribution raw data,https://arxiv.org/abs/1610.05529,https://doi.org/10.1073/pnas.1615874114,primary_url:https://arxiv.org/abs/1610.05529;doi:https://doi.org/10.1073/pnas.1615874114,route_known_not_checked,False,"accept only if the source provides paired_visibility_or_contrast.csv with minimum columns setting,record_observable,record_value,record_value_se,visibility_or_contrast,visibility_or_contrast_se,independence_basis,source_note and supports recover an independently measured record distribution with provenance separate from the visibility fit",do not count visibility-derived record variables as independent distribution-to-visibility validation
LAHIRI_2017_TWIN_PHOTON_CORRELATIONS,Lahiri et al. 2017,independent_record_distribution,9,25,independence_provenance.md,Lahiri et al. 2017 independence provenance independent record distribution raw data,https://arxiv.org/abs/1610.04298,https://doi.org/10.1103/PhysRevA.96.013822,primary_url:https://arxiv.org/abs/1610.04298;doi:https://doi.org/10.1103/PhysRevA.96.013822,route_known_not_checked,False,"accept only if the source provides independence_provenance.md with minimum columns setting,record_observable,record_value,record_value_se,visibility_or_contrast,visibility_or_contrast_se,independence_basis,source_note and supports recover an independently measured record distribution with provenance separate from the visibility fit",do not count visibility-derived record variables as independent distribution-to-visibility validation
LAHIRI_2017_TWIN_PHOTON_CORRELATIONS,Lahiri et al. 2017,independent_record_distribution,9,26,independent_record_distribution.csv,Lahiri et al. 2017 independent record distribution independent record distribution raw data,https://arxiv.org/abs/1610.04298,https://doi.org/10.1103/PhysRevA.96.013822,primary_url:https://arxiv.org/abs/1610.04298;doi:https://doi.org/10.1103/PhysRevA.96.013822,route_known_not_checked,False,"accept only if the source provides independent_record_distribution.csv with minimum columns setting,record_observable,record_value,record_value_se,visibility_or_contrast,visibility_or_contrast_se,independence_basis,source_note and supports recover an independently measured record distribution with provenance separate from the visibility fit",do not count visibility-derived record variables as independent distribution-to-visibility validation
LAHIRI_2017_TWIN_PHOTON_CORRELATIONS,Lahiri et al. 2017,independent_record_distribution,9,27,paired_visibility_or_contrast.csv,Lahiri et al. 2017 paired visibility or contrast independent record distribution raw data,https://arxiv.org/abs/1610.04298,https://doi.org/10.1103/PhysRevA.96.013822,primary_url:https://arxiv.org/abs/1610.04298;doi:https://doi.org/10.1103/PhysRevA.96.013822,route_known_not_checked,False,"accept only if the source provides paired_visibility_or_contrast.csv with minimum columns setting,record_observable,record_value,record_value_se,visibility_or_contrast,visibility_or_contrast_se,independence_basis,source_note and supports recover an independently measured record distribution with provenance separate from the visibility fit",do not count visibility-derived record variables as independent distribution-to-visibility validation
DING_2025_WAVE_PARTICLE_ENTANGLEMENT_TRIAD,Ding et al. 2025,independent_record_distribution,10,28,independence_provenance.md,Ding et al. 2025 independence provenance independent record distribution raw data,https://www.nature.com/articles/s41377-025-01759-4,https://doi.org/10.1038/s41377-025-01759-4,primary_url:https://www.nature.com/articles/s41377-025-01759-4;doi:https://doi.org/10.1038/s41377-025-01759-4,route_known_not_checked,False,"accept only if the source provides independence_provenance.md with minimum columns setting,record_observable,record_value,record_value_se,visibility_or_contrast,visibility_or_contrast_se,independence_basis,source_note and supports recover an independently measured record distribution with provenance separate from the visibility fit",do not count visibility-derived record variables as independent distribution-to-visibility validation
DING_2025_WAVE_PARTICLE_ENTANGLEMENT_TRIAD,Ding et al. 2025,independent_record_distribution,10,29,independent_record_distribution.csv,Ding et al. 2025 independent record distribution independent record distribution raw data,https://www.nature.com/articles/s41377-025-01759-4,https://doi.org/10.1038/s41377-025-01759-4,primary_url:https://www.nature.com/articles/s41377-025-01759-4;doi:https://doi.org/10.1038/s41377-025-01759-4,route_known_not_checked,False,"accept only if the source provides independent_record_distribution.csv with minimum columns setting,record_observable,record_value,record_value_se,visibility_or_contrast,visibility_or_contrast_se,independence_basis,source_note and supports recover an independently measured record distribution with provenance separate from the visibility fit",do not count visibility-derived record variables as independent distribution-to-visibility validation
DING_2025_WAVE_PARTICLE_ENTANGLEMENT_TRIAD,Ding et al. 2025,independent_record_distribution,10,30,paired_visibility_or_contrast.csv,Ding et al. 2025 paired visibility or contrast independent record distribution raw data,https://www.nature.com/articles/s41377-025-01759-4,https://doi.org/10.1038/s41377-025-01759-4,primary_url:https://www.nature.com/articles/s41377-025-01759-4;doi:https://doi.org/10.1038/s41377-025-01759-4,route_known_not_checked,False,"accept only if the source provides paired_visibility_or_contrast.csv with minimum columns setting,record_observable,record_value,record_value_se,visibility_or_contrast,visibility_or_contrast_se,independence_basis,source_note and supports recover an independently measured record distribution with provenance separate from the visibility fit",do not count visibility-derived record variables as independent distribution-to-visibility validation
CHEN_2022_ASYMMETRIC_BEAM_DUALITY,Chen et al. 2022,independent_record_distribution,11,31,independence_provenance.md,Chen et al. 2022 independence provenance independent record distribution raw data,https://www.nature.com/articles/s41534-022-00610-7,https://doi.org/10.1038/s41534-022-00610-7,primary_url:https://www.nature.com/articles/s41534-022-00610-7;doi:https://doi.org/10.1038/s41534-022-00610-7,route_known_not_checked,False,"accept only if the source provides independence_provenance.md with minimum columns setting,record_observable,record_value,record_value_se,visibility_or_contrast,visibility_or_contrast_se,independence_basis,source_note and supports recover an independently measured record distribution with provenance separate from the visibility fit",do not count visibility-derived record variables as independent distribution-to-visibility validation
CHEN_2022_ASYMMETRIC_BEAM_DUALITY,Chen et al. 2022,independent_record_distribution,11,32,independent_record_distribution.csv,Chen et al. 2022 independent record distribution independent record distribution raw data,https://www.nature.com/articles/s41534-022-00610-7,https://doi.org/10.1038/s41534-022-00610-7,primary_url:https://www.nature.com/articles/s41534-022-00610-7;doi:https://doi.org/10.1038/s41534-022-00610-7,route_known_not_checked,False,"accept only if the source provides independent_record_distribution.csv with minimum columns setting,record_observable,record_value,record_value_se,visibility_or_contrast,visibility_or_contrast_se,independence_basis,source_note and supports recover an independently measured record distribution with provenance separate from the visibility fit",do not count visibility-derived record variables as independent distribution-to-visibility validation
CHEN_2022_ASYMMETRIC_BEAM_DUALITY,Chen et al. 2022,independent_record_distribution,11,33,paired_visibility_or_contrast.csv,Chen et al. 2022 paired visibility or contrast independent record distribution raw data,https://www.nature.com/articles/s41534-022-00610-7,https://doi.org/10.1038/s41534-022-00610-7,primary_url:https://www.nature.com/articles/s41534-022-00610-7;doi:https://doi.org/10.1038/s41534-022-00610-7,route_known_not_checked,False,"accept only if the source provides paired_visibility_or_contrast.csv with minimum columns setting,record_observable,record_value,record_value_se,visibility_or_contrast,visibility_or_contrast_se,independence_basis,source_note and supports recover an independently measured record distribution with provenance separate from the visibility fit",do not count visibility-derived record variables as independent distribution-to-visibility validation
YOON_2021_QUANTITATIVE_COMPLEMENTARITY,Yoon and Cho 2021,independent_record_distribution,12,34,independence_provenance.md,Yoon and Cho 2021 independence provenance independent record distribution raw data,https://pmc.ncbi.nlm.nih.gov/articles/PMC8373128/,https://doi.org/10.1126/sciadv.abi9268,primary_url:https://pmc.ncbi.nlm.nih.gov/articles/PMC8373128/;doi:https://doi.org/10.1126/sciadv.abi9268,route_known_not_checked,False,"accept only if the source provides independence_provenance.md with minimum columns setting,record_observable,record_value,record_value_se,visibility_or_contrast,visibility_or_contrast_se,independence_basis,source_note and supports recover an independently measured record distribution with provenance separate from the visibility fit",do not count visibility-derived record variables as independent distribution-to-visibility validation
YOON_2021_QUANTITATIVE_COMPLEMENTARITY,Yoon and Cho 2021,independent_record_distribution,12,35,independent_record_distribution.csv,Yoon and Cho 2021 independent record distribution independent record distribution raw data,https://pmc.ncbi.nlm.nih.gov/articles/PMC8373128/,https://doi.org/10.1126/sciadv.abi9268,primary_url:https://pmc.ncbi.nlm.nih.gov/articles/PMC8373128/;doi:https://doi.org/10.1126/sciadv.abi9268,route_known_not_checked,False,"accept only if the source provides independent_record_distribution.csv with minimum columns setting,record_observable,record_value,record_value_se,visibility_or_contrast,visibility_or_contrast_se,independence_basis,source_note and supports recover an independently measured record distribution with provenance separate from the visibility fit",do not count visibility-derived record variables as independent distribution-to-visibility validation
YOON_2021_QUANTITATIVE_COMPLEMENTARITY,Yoon and Cho 2021,independent_record_distribution,12,36,paired_visibility_or_contrast.csv,Yoon and Cho 2021 paired visibility or contrast independent record distribution raw data,https://pmc.ncbi.nlm.nih.gov/articles/PMC8373128/,https://doi.org/10.1126/sciadv.abi9268,primary_url:https://pmc.ncbi.nlm.nih.gov/articles/PMC8373128/;doi:https://doi.org/10.1126/sciadv.abi9268,route_known_not_checked,False,"accept only if the source provides paired_visibility_or_contrast.csv with minimum columns setting,record_observable,record_value,record_value_se,visibility_or_contrast,visibility_or_contrast_se,independence_basis,source_note and supports recover an independently measured record distribution with provenance separate from the visibility fit",do not count visibility-derived record variables as independent distribution-to-visibility validation
CORMANN_2016_MODULAR_VALUE,Cormann et al. 2016,independent_record_distribution,13,37,independence_provenance.md,Cormann et al. 2016 independence provenance independent record distribution raw data,https://arxiv.org/abs/1508.01353,https://doi.org/10.1103/PhysRevA.93.042124,primary_url:https://arxiv.org/abs/1508.01353;doi:https://doi.org/10.1103/PhysRevA.93.042124,route_known_not_checked,False,"accept only if the source provides independence_provenance.md with minimum columns setting,record_observable,record_value,record_value_se,visibility_or_contrast,visibility_or_contrast_se,independence_basis,source_note and supports recover an independently measured record distribution with provenance separate from the visibility fit",do not count visibility-derived record variables as independent distribution-to-visibility validation
CORMANN_2016_MODULAR_VALUE,Cormann et al. 2016,independent_record_distribution,13,38,independent_record_distribution.csv,Cormann et al. 2016 independent record distribution independent record distribution raw data,https://arxiv.org/abs/1508.01353,https://doi.org/10.1103/PhysRevA.93.042124,primary_url:https://arxiv.org/abs/1508.01353;doi:https://doi.org/10.1103/PhysRevA.93.042124,route_known_not_checked,False,"accept only if the source provides independent_record_distribution.csv with minimum columns setting,record_observable,record_value,record_value_se,visibility_or_contrast,visibility_or_contrast_se,independence_basis,source_note and supports recover an independently measured record distribution with provenance separate from the visibility fit",do not count visibility-derived record variables as independent distribution-to-visibility validation
CORMANN_2016_MODULAR_VALUE,Cormann et al. 2016,independent_record_distribution,13,39,paired_visibility_or_contrast.csv,Cormann et al. 2016 paired visibility or contrast independent record distribution raw data,https://arxiv.org/abs/1508.01353,https://doi.org/10.1103/PhysRevA.93.042124,primary_url:https://arxiv.org/abs/1508.01353;doi:https://doi.org/10.1103/PhysRevA.93.042124,route_known_not_checked,False,"accept only if the source provides paired_visibility_or_contrast.csv with minimum columns setting,record_observable,record_value,record_value_se,visibility_or_contrast,visibility_or_contrast_se,independence_basis,source_note and supports recover an independently measured record distribution with provenance separate from the visibility fit",do not count visibility-derived record variables as independent distribution-to-visibility validation
DURR_1998_COMPLEMENTARITY,Duerr/Nonn/Rempe 1998,independent_record_distribution,14,40,independence_provenance.md,Duerr/Nonn/Rempe 1998 independence provenance independent record distribution raw data,https://doi.org/10.1038/31822,https://doi.org/10.1038/31822,primary_url:https://doi.org/10.1038/31822;doi:https://doi.org/10.1038/31822,route_known_not_checked,False,"accept only if the source provides independence_provenance.md with minimum columns setting,record_observable,record_value,record_value_se,visibility_or_contrast,visibility_or_contrast_se,independence_basis,source_note and supports recover an independently measured record distribution with provenance separate from the visibility fit",do not count visibility-derived record variables as independent distribution-to-visibility validation
DURR_1998_COMPLEMENTARITY,Duerr/Nonn/Rempe 1998,independent_record_distribution,14,41,independent_record_distribution.csv,Duerr/Nonn/Rempe 1998 independent record distribution independent record distribution raw data,https://doi.org/10.1038/31822,https://doi.org/10.1038/31822,primary_url:https://doi.org/10.1038/31822;doi:https://doi.org/10.1038/31822,route_known_not_checked,False,"accept only if the source provides independent_record_distribution.csv with minimum columns setting,record_observable,record_value,record_value_se,visibility_or_contrast,visibility_or_contrast_se,independence_basis,source_note and supports recover an independently measured record distribution with provenance separate from the visibility fit",do not count visibility-derived record variables as independent distribution-to-visibility validation
DURR_1998_COMPLEMENTARITY,Duerr/Nonn/Rempe 1998,independent_record_distribution,14,42,paired_visibility_or_contrast.csv,Duerr/Nonn/Rempe 1998 paired visibility or contrast independent record distribution raw data,https://doi.org/10.1038/31822,https://doi.org/10.1038/31822,primary_url:https://doi.org/10.1038/31822;doi:https://doi.org/10.1038/31822,route_known_not_checked,False,"accept only if the source provides paired_visibility_or_contrast.csv with minimum columns setting,record_observable,record_value,record_value_se,visibility_or_contrast,visibility_or_contrast_se,independence_basis,source_note and supports recover an independently measured record distribution with provenance separate from the visibility fit",do not count visibility-derived record variables as independent distribution-to-visibility validation
